Strike,Ticker,Bid,Ask,Last,IVM,Volm,Strike,Ticker,Bid,Ask,Last,IVM,Volm
20-Oct-23 (49d); CSize 100,,,,,,,,,,,,,
4470,SPX 10/20/23 C4470,120.5,122.1000061,137.4499969,12.14255524,1,4470,SPX 10/20/23 P4470,50.1000061,50.90000916,50.40000916,12.56240082,102
4475,SPX 10/20/23 C4475,116.9000092,118.5,111.0200043,12.06650066,18,4475,SPX 10/20/23 P4475,51.5,52.30000305,51.80000305,12.48763275,271
4480,SPX 10/20/23 C4480,113.3000031,114.9000092,0,11.98412514,0,4480,SPX 10/20/23 P4480,52.79998779,53.79998779,54.40000916,12.40802002,12
4485,SPX 10/20/23 C4485,109.8000031,111.3000031,111.8500061,11.90340328,600,4485,SPX 10/20/23 P4485,54.19999695,55.19999695,55.69999695,12.32219982,608
4490,SPX 10/20/23 C4490,106.3000031,107.9000092,0,11.83206844,0,4490,SPX 10/20/23 P4490,55.69999695,56.69999695,60.68000793,12.24597549,7
4495,SPX 10/20/23 C4495,102.9000092,104.5,97.62001038,11.76186943,1,4495,SPX 10/20/23 P4495,57.30000305,58.30000305,59,12.17900085,30
4500,SPX 10/20/23 C4500,99.6000061,101.1000061,100,11.69262981,55,4500,SPX 10/20/23 P4500,58.90000916,59.8999939,59.3500061,12.10531521,721
4505,SPX 10/20/23 C4505,96.3999939,97.59999084,0,11.61639118,0,4505,SPX 10/20/23 P4505,60.5,61.5,64.1000061,12.02489376,4
4510,SPX 10/20/23 C4510,93.1000061,94.30000305,88.12001038,11.54086685,5,4510,SPX 10/20/23 P4510,62.19999695,63.19999695,57.65000916,11.95317078,36
4515,SPX 10/20/23 C4515,89.8999939,91.09999084,88.5,11.47359276,10,4515,SPX 10/20/23 P4515,63.90000916,65,64.51000977,11.88217449,29
4520,SPX 10/20/23 C4520,86.80000305,87.90000916,88.49000549,11.40663815,5,4520,SPX 10/20/23 P4520,65.69999695,66.80000305,66.27999878,11.81175518,4
4525,SPX 10/20/23 C4525,83.69999695,84.80000305,83.5,11.33985138,18,4525,SPX 10/20/23 P4525,67.6000061,68.6000061,69.90000916,11.74177361,29
4530,SPX 10/20/23 C4530,80.59999084,81.69999695,75.77000427,11.26573181,1081,4530,SPX 10/20/23 P4530,69.5,70.6000061,69.21000671,11.67971706,277
4535,SPX 10/20/23 C4535,77.59999084,78.69999695,77.77999878,11.19682026,94,4535,SPX 10/20/23 P4535,71.40000916,72.5,72.32000732,11.60065365,128
4540,SPX 10/20/23 C4540,74.6000061,75.80000305,73.80000305,11.13137245,25,4540,SPX 10/20/23 P4540,73.5,74.6000061,75.44999695,11.54814434,185
4545,SPX 10/20/23 C4545,71.69999695,73.09999084,72.90000916,11.07943916,314,4545,SPX 10/20/23 P4545,75.6000061,76.5,75.44999695,11.47132397,356
4550,SPX 10/20/23 C4550,69,70.1000061,69.19999695,11.01054955,1107,4550,SPX 10/20/23 P4550,77.59999084,78.59999084,82.47000122,11.3929348,58
4555,SPX 10/20/23 C4555,66.30000305,67.40000916,66.1000061,10.96007156,314,4555,SPX 10/20/23 P4555,79.80000305,80.80000305,79.55999756,11.33314228,323
4560,SPX 10/20/23 C4560,63.6000061,64.69999695,61.3500061,10.89601135,707,4560,SPX 10/20/23 P4560,82.1000061,83.1000061,83.91999817,11.27562046,86
4565,SPX 10/20/23 C4565,61,62.1000061,59.90000916,10.8409853,9,4565,SPX 10/20/23 P4565,84.40000916,85.5,78.05000305,11.21962357,30
20-Oct-23 (49d); CSize 100,,,,,,,,,,,,,
4470,SPXW 10/20/23 C4470,121.6000061,122.1000061,118.3000031,12.17053795,9,4470,SPXW 10/20/23 P4470,50.80000305,51.30000305,53.30000305,12.61257553,147
4475,SPXW 10/20/23 C4475,118,118.5,116.6999969,12.09431648,3,4475,SPXW 10/20/23 P4475,52.19999695,52.6000061,53.69999695,12.53057003,51
4480,SPXW 10/20/23 C4480,114.4000092,115,112.6300049,12.01986504,14,4480,SPXW 10/20/23 P4480,53.6000061,54.1000061,53.80000305,12.45765591,118
4485,SPXW 10/20/23 C4485,110.9000092,111.5,110.5,11.94697571,8,4485,SPXW 10/20/23 P4485,55.09999084,55.5,56.69999695,12.37961292,60
4490,SPXW 10/20/23 C4490,107.5,108,107.6000061,11.87545395,9,4490,SPXW 10/20/23 P4490,56.59999084,57,61.07000732,12.30318165,10
4495,SPXW 10/20/23 C4495,104.1000061,104.6000061,101.1000061,11.80511475,5,4495,SPXW 10/20/23 P4495,58.1000061,58.6000061,59.1000061,12.22817993,14
4500,SPXW 10/20/23 C4500,100.6999969,101.1999969,100.3200073,11.72797775,43,4500,SPXW 10/20/23 P4500,59.69999695,60.19999695,59.88000488,12.15443039,332
4505,SPXW 10/20/23 C4505,97.40000916,97.90000916,92,11.65953159,10,4505,SPXW 10/20/23 P4505,61.40000916,61.80000305,61.05000305,12.08177376,23
4510,SPXW 10/20/23 C4510,94.1000061,94.6000061,92.29000854,11.58404064,44,4510,SPXW 10/20/23 P4510,63.1000061,63.5,63.72000122,12.01004696,39
4515,SPXW 10/20/23 C4515,90.90000916,91.40000916,91.15000916,11.51682663,47,4515,SPXW 10/20/23 P4515,64.80000305,65.30000305,65.69999695,11.93910313,42
4520,SPXW 10/20/23 C4520,87.69999695,88.19999695,83.30000305,11.44233227,21,4520,SPXW 10/20/23 P4520,66.6000061,67.1000061,65.90000916,11.86879635,30
4525,SPXW 10/20/23 C4525,84.6000061,85.19999695,84.80000305,11.38336658,61,4525,SPXW 10/20/23 P4525,68.5,69,69.19999695,11.80660534,43
4530,SPXW 10/20/23 C4530,81.6000061,82.1000061,80.6000061,11.31696415,86,4530,SPXW 10/20/23 P4530,70.40000916,70.90000916,70.19999695,11.73713684,2
4535,SPXW 10/20/23 C4535,78.6000061,79.1000061,79.19999695,11.2483902,21,4535,SPXW 10/20/23 P4535,72.30000305,72.80000305,75,11.65831947,3
4540,SPXW 10/20/23 C4540,75.69999695,76.19999695,74.6000061,11.19091034,12,4540,SPXW 10/20/23 P4540,74.40000916,74.90000916,71.19999695,11.60618019,16
4545,SPXW 10/20/23 C4545,72.80000305,73.30000305,72.19999695,11.12423611,10,4545,SPXW 10/20/23 P4545,76.5,77,79.6000061,11.54500961,13
4550,SPXW 10/20/23 C4550,70,70.5,70.27999878,11.06342983,76,4550,SPXW 10/20/23 P4550,78.6000061,79.1000061,80.69999695,11.47476006,22
4555,SPXW 10/20/23 C4555,67.19999695,67.69999695,64.19999695,10.99833584,26,4555,SPXW 10/20/23 P4555,80.80000305,81.30000305,0,11.41554832,0
4560,SPXW 10/20/23 C4560,64.5,65,64.90000916,10.93480301,10,4560,SPXW 10/20/23 P4560,83.1000061,83.6000061,85.19999695,11.35861206,10
4565,SPXW 10/20/23 C4565,61.90000916,62.40000916,62.24000549,10.88041401,9,4565,SPXW 10/20/23 P4565,85.40000916,85.90000916,86.1000061,11.2957592,22
31-Oct-23 (60d); CSize 100,,,,,,,,,,,,,
4470,SPXW 10/31/23 C4470,134.6999969,135.3999939,0,12.51324368,0,4470,SPXW 10/31/23 P4470,58.3999939,58.90000916,59.47999573,12.92742538,10
4475,SPXW 10/31/23 C4475,131.1000061,131.8000031,134.6199951,12.43662548,1,4475,SPXW 10/31/23 P4475,59.69999695,60.30000305,59.58000183,12.84909725,119
4480,SPXW 10/31/23 C4480,127.6000061,128.3000031,0,12.37145805,0,4480,SPXW 10/31/23 P4480,61.19999695,61.69999695,63.55999756,12.78042507,6
4485,SPXW 10/31/23 C4485,124.1000061,124.8000031,127.6100006,12.30105114,1,4485,SPXW 10/31/23 P4485,62.6000061,63.19999695,63.69999695,12.70669842,2
4490,SPXW 10/31/23 C4490,120.6000061,121.3000031,0,12.2253952,0,4490,SPXW 10/31/23 P4490,64.1000061,64.69999695,64.38999939,12.6350832,7
4495,SPXW 10/31/23 C4495,117.1999969,117.8000031,0,12.15162373,0,4495,SPXW 10/31/23 P4495,65.69999695,66.19999695,66.40000916,12.56544399,28
4500,SPXW 10/31/23 C4500,113.8000031,114.5,113.9000092,12.08670139,18,4500,SPXW 10/31/23 P4500,67.19999695,67.80000305,68.58000183,12.49016762,19
4505,SPXW 10/31/23 C4505,110.5,111.0999908,0,12.01622105,0,4505,SPXW 10/31/23 P4505,68.90000916,69.5,0,12.43133545,0
4510,SPXW 10/31/23 C4510,107.1999969,107.9000092,102.7700043,11.95424652,1,4510,SPXW 10/31/23 P4510,70.5,71.1000061,71.90000916,12.35290527,12
4515,SPXW 10/31/23 C4515,104,104.6000061,110.6000061,11.88652992,5,4515,SPXW 10/31/23 P4515,72.19999695,72.80000305,72.40000916,12.28305817,2
4520,SPXW 10/31/23 C4520,100.8000031,101.5,98.65000916,11.82701206,129,4520,SPXW 10/31/23 P4520,74,74.6000061,0,12.22159004,0
4525,SPXW 10/31/23 C4525,97.6000061,98.30000305,98.37001038,11.75462151,46,4525,SPXW 10/31/23 P4525,75.80000305,76.40000916,71.11000061,12.15440178,18
4530,SPXW 10/31/23 C4530,94.5,95.19999695,90.40000916,11.69019794,3,4530,SPXW 10/31/23 P4530,77.69999695,78.30000305,82.08000183,12.09532928,3
4535,SPXW 10/31/23 C4535,91.5,92.1000061,89.40000916,11.62664986,8,4535,SPXW 10/31/23 P4535,79.6000061,80.19999695,0,12.03037643,0
4540,SPXW 10/31/23 C4540,88.5,89.1000061,88.77999878,11.5617075,21,4540,SPXW 10/31/23 P4540,81.5,82.1000061,0,11.95722866,0
4545,SPXW 10/31/23 C4545,85.5,86.1000061,85.11000061,11.49464703,19,4545,SPXW 10/31/23 P4545,83.5,84.1000061,0,11.89622593,0
4550,SPXW 10/31/23 C4550,82.6000061,83.19999695,80.94999695,11.43374062,2,4550,SPXW 10/31/23 P4550,85.6000061,86.19999695,0,11.84148884,0
4555,SPXW 10/31/23 C4555,79.80000305,80.40000916,85.5,11.37891769,7,4555,SPXW 10/31/23 P4555,87.69999695,88.30000305,0,11.77916718,0
4560,SPXW 10/31/23 C4560,77,77.6000061,77.41000366,11.31635094,4,4560,SPXW 10/31/23 P4560,89.90000916,90.5,92.6000061,11.72302628,2
4565,SPXW 10/31/23 C4565,74.30000305,74.90000916,0,11.26499176,0,4565,SPXW 10/31/23 P4565,92,92.69999695,0,11.65788841,0
17-Nov-23 (77d); CSize 100,,,,,,,,,,,,,
4470,SPX 11/17/23 C4470,155,157.1000061,0,12.94232178,0,4470,SPX 11/17/23 P4470,70.80000305,71.69999695,72.41000366,13.34397221,24
4475,SPX 11/17/23 C4475,151.3999939,153.3999939,0,12.86400032,0,4475,SPX 11/17/23 P4475,72.19999695,73.1000061,72.57000732,13.27754688,62
4480,SPX 11/17/23 C4480,147.8999939,149.8999939,0,12.80107975,0,4480,SPX 11/17/23 P4480,73.6000061,74.90000916,76.55000305,13.23269844,101
4485,SPX 11/17/23 C4485,144.5,146.3999939,0,12.74063396,0,4485,SPX 11/17/23 P4485,75.1000061,75.90000916,0,13.13994122,0
4490,SPX 11/17/23 C4490,141.1000061,143,138.0200043,12.68256569,15,4490,SPX 11/17/23 P4490,76.6000061,77.40000916,79.23001099,13.07493973,15
4495,SPX 11/17/23 C4495,137.6999969,139.6000061,0,12.62052822,0,4495,SPX 11/17/23 P4495,78.1000061,79,78.80000305,13.01234627,59
4500,SPX 11/17/23 C4500,134.3999939,135.8999939,131.0500031,12.54207325,641,4500,SPX 11/17/23 P4500,80.19999695,80.5,80.40000916,12.97688961,736
4505,SPX 11/17/23 C4505,131,132.8999939,0,12.49645138,0,4505,SPX 11/17/23 P4505,81.30000305,82.19999695,0,12.88785648,0
4510,SPX 11/17/23 C4510,127.6999969,129.6000061,126.4000092,12.43488598,6,4510,SPX 11/17/23 P4510,83,83.80000305,83.66999817,12.82583809,124
4515,SPX 11/17/23 C4515,124.6999969,125.9000092,0,12.36302757,0,4515,SPX 11/17/23 P4515,84.69999695,85.5,80.63000488,12.76593399,1
4520,SPX 11/17/23 C4520,121.5,122.6999969,0,12.30541229,0,4520,SPX 11/17/23 P4520,86.40000916,87.19999695,86,12.70195103,171
4525,SPX 11/17/23 C4525,118.3000031,119.5,117.3899994,12.24352169,441,4525,SPX 11/17/23 P4525,88.1000061,89,90.57000732,12.6399641,262
4530,SPX 11/17/23 C4530,115.0999908,116.3000031,0,12.17733097,0,4530,SPX 11/17/23 P4530,89.90000916,90.80000305,91.22000122,12.57989693,6
4535,SPX 11/17/23 C4535,112.0999908,113.1999969,125.6900024,12.12502098,2,4535,SPX 11/17/23 P4535,91.80000305,92.69999695,85.01000977,12.52774334,2
4540,SPX 11/17/23 C4540,109,110.1999969,118.0599976,12.06826019,6,4540,SPX 11/17/23 P4540,93.69999695,94.5,96.32000732,12.46522427,5
4545,SPX 11/17/23 C4545,106,107.0999908,0,12.00789738,0,4545,SPX 11/17/23 P4545,95.59999084,96.5,98.27000427,12.41123009,5
4550,SPX 11/17/23 C4550,103,104.0999908,102.0200043,11.94611168,3,4550,SPX 11/17/23 P4550,97.69999695,98.30000305,99.1000061,12.35021877,148
4555,SPX 11/17/23 C4555,100.0999908,101.1999969,0,11.8955164,0,4555,SPX 11/17/23 P4555,99.6000061,100.5,0,12.3004694,0
4560,SPX 11/17/23 C4560,97.19999695,98.30000305,104.2700043,11.83897209,20,4560,SPX 11/17/23 P4560,101.6000061,102.5,0,12.23881435,0
4565,SPX 11/17/23 C4565,94.40000916,95.40000916,0,11.78248978,0,4565,SPX 11/17/23 P4565,103.6999969,104.6000061,0,12.18332958,0
17-Nov-23 (77d); CSize 100,,,,,,,,,,,,,
4470,SPXW 11/17/23 C4470,156.1999969,156.8999939,0,12.96393299,0,4470,SPXW 11/17/23 P4470,71.6000061,72.19999695,75,13.40169239,202
4475,SPXW 11/17/23 C4475,152.6999969,153.3999939,159.6499939,12.90467644,3,4475,SPXW 11/17/23 P4475,73.1000061,73.6000061,76.22000122,13.34140968,200
4480,SPXW 11/17/23 C4480,149.1999969,149.8999939,0,12.84161758,0,4480,SPXW 11/17/23 P4480,74.5,75.1000061,74.80000305,13.27742004,222
4485,SPXW 11/17/23 C4485,145.6999969,146.3999939,155.8000031,12.77475357,1,4485,SPXW 11/17/23 P4485,76,76.6000061,0,13.2159853,0
4490,SPXW 11/17/23 C4490,142.3000031,143,151.5,12.71660233,6,4490,SPXW 11/17/23 P4490,77.5,78.1000061,77.73001099,13.15077496,5
4495,SPXW 11/17/23 C4495,138.8999939,139.6000061,0,12.6545105,0,4495,SPXW 11/17/23 P4495,79,79.6000061,0,13.08178043,0
4500,SPXW 11/17/23 C4500,135.5,136.1999969,143.2799988,12.58847332,6,4500,SPXW 11/17/23 P4500,80.6000061,81.19999695,83.46000671,13.02136135,15
4505,SPXW 11/17/23 C4505,132.1999969,132.8999939,130.5,12.53083324,5,4505,SPXW 11/17/23 P4505,82.19999695,82.80000305,0,12.95703411,0
4510,SPXW 11/17/23 C4510,128.8999939,129.5,124.3000031,12.46265316,7,4510,SPXW 11/17/23 P4510,83.90000916,84.5,88.30000305,12.90106583,7
4515,SPXW 11/17/23 C4515,125.5999908,126.3000031,124.1999969,12.40312004,1,4515,SPXW 11/17/23 P4515,85.6000061,86.19999695,89.41999817,12.84107304,15
4520,SPXW 11/17/23 C4520,122.4000092,123.1000061,130.4600067,12.3455143,2,4520,SPXW 11/17/23 P4520,87.30000305,87.90000916,90.30000305,12.77704048,7
4525,SPXW 11/17/23 C4525,119.1999969,119.9000092,118.6999969,12.28366566,5,4525,SPXW 11/17/23 P4525,89,89.69999695,90.90000916,12.71502876,8
4530,SPXW 11/17/23 C4530,116.1000061,116.6999969,0,12.22362423,0,4530,SPXW 11/17/23 P4530,90.80000305,91.5,91.21000671,12.65496445,8
4535,SPXW 11/17/23 C4535,113,113.6000061,112.1999969,12.16531277,31,4535,SPXW 11/17/23 P4535,92.69999695,93.30000305,0,12.59677315,0
4540,SPXW 11/17/23 C4540,109.9000092,110.6000061,110.1800079,12.10865879,7,4540,SPXW 11/17/23 P4540,94.6000061,95.19999695,89.5,12.54038811,13
4545,SPXW 11/17/23 C4545,106.9000092,107.6000061,116.6999969,12.05436325,15,4545,SPXW 11/17/23 P4545,96.40000916,97.1000061,92.40000916,12.47430611,8
4550,SPXW 11/17/23 C4550,104,104.6000061,101.9000092,11.99881268,75,4550,SPXW 11/17/23 P4550,98.5,99.1000061,105.1399994,12.42556,3
4555,SPXW 11/17/23 C4555,101,101.6000061,100.4000092,11.93639374,5,4555,SPXW 11/17/23 P4555,100.5,101.1000061,103.9000092,12.37000751,1
4560,SPXW 11/17/23 C4560,98.1000061,98.80000305,98,11.88611984,4,4560,SPXW 11/17/23 P4560,102.5,103.1000061,0,12.30862522,0
4565,SPXW 11/17/23 C4565,95.30000305,95.90000916,94.6000061,11.82990932,26,4565,SPXW 11/17/23 P4565,104.6000061,105.1999969,106.4000092,12.25342083,5
30-Nov-23 (90d); CSize 100,,,,,,,,,,,,,
4470,SPXW 11/30/23 C4470,169.3999939,170.1999969,166.5399933,13.19694519,7,4470,SPXW 11/30/23 P4470,78.30000305,79.1000061,79.69000244,13.63692951,7
4475,SPXW 11/30/23 C4475,165.8000031,166.6999969,0,13.13379574,0,4475,SPXW 11/30/23 P4475,79.69999695,80.5,0,13.57415962,0
4480,SPXW 11/30/23 C4480,162.3000031,163.1999969,0,13.073349,0,4480,SPXW 11/30/23 P4480,81.1000061,81.90000916,83.30000305,13.50825596,22
4485,SPXW 11/30/23 C4485,158.8999939,159.6999969,0,13.01551819,0,4485,SPXW 11/30/23 P4485,82.6000061,83.40000916,0,13.44584179,0
4490,SPXW 11/30/23 C4490,155.3999939,156.3000031,156.5899963,12.95437717,17,4490,SPXW 11/30/23 P4490,84.1000061,84.90000916,84.33999634,13.38524532,41
4495,SPXW 11/30/23 C4495,152,152.8999939,0,12.89574146,0,4495,SPXW 11/30/23 P4495,85.6000061,86.40000916,89.69999695,13.32139778,30
4500,SPXW 11/30/23 C4500,148.6000061,149.5,147.0399933,12.83373547,16,4500,SPXW 11/30/23 P4500,87.1000061,88,88.48001099,13.2600708,24
4505,SPXW 11/30/23 C4505,145.3000031,146.3000031,141.1999969,12.78567791,2,4505,SPXW 11/30/23 P4505,88.69999695,89.6000061,91,13.20119476,12
4510,SPXW 11/30/23 C4510,142,143,135.9499969,12.72834587,4,4510,SPXW 11/30/23 P4510,90.40000916,91.19999695,0,13.14470005,0
4515,SPXW 11/30/23 C4515,138.6999969,139.6000061,0,12.66179371,0,4515,SPXW 11/30/23 P4515,92,92.90000916,90,13.084795,8
4520,SPXW 11/30/23 C4520,135.5,136.3000031,129.6000061,12.60321522,3,4520,SPXW 11/30/23 P4520,93.69999695,94.5,95,13.02146626,2
4525,SPXW 11/30/23 C4525,132.1999969,133.1000061,130.8000031,12.54108334,1,4525,SPXW 11/30/23 P4525,95.40000916,96.30000305,0,12.96608543,0
4530,SPXW 11/30/23 C4530,129.1000061,130.1000061,126.9000092,12.49803734,9,4530,SPXW 11/30/23 P4530,97.19999695,98,94.90000916,12.90718555,3
4535,SPXW 11/30/23 C4535,125.9000092,126.8000031,139.2799988,12.42880917,1,4535,SPXW 11/30/23 P4535,99,99.80000305,93.6000061,12.85041714,3
4540,SPXW 11/30/23 C4540,122.8000031,123.6999969,121.4000092,12.37277508,16,4540,SPXW 11/30/23 P4540,100.8000031,101.6999969,0,12.79571915,0
4545,SPXW 11/30/23 C4545,119.8000031,120.6999969,0,12.32431126,0,4545,SPXW 11/30/23 P4545,102.6999969,103.5,0,12.73739433,0
4550,SPXW 11/30/23 C4550,116.6999969,117.5999908,114.0400085,12.2607851,301,4550,SPXW 11/30/23 P4550,104.5999908,105.5,99.80000305,12.68668556,300
4555,SPXW 11/30/23 C4555,113.8000031,114.6000061,0,12.2085886,0,4555,SPXW 11/30/23 P4555,106.5,107.4000092,0,12.62663937,0
4560,SPXW 11/30/23 C4560,110.8000031,111.6999969,111.8899994,12.15642929,16,4560,SPXW 11/30/23 P4560,108.4000092,109.4000092,112.8899994,12.5684824,17
4565,SPXW 11/30/23 C4565,107.9000092,108.8000031,0,12.10469532,0,4565,SPXW 11/30/23 P4565,110.6000061,111.4000092,0,12.52339458,0
15-Dec-23 (105d); CSize 100,,,,,,,,,,,,,
4470,SPX 12/15/23 C4470,186.1000061,187.8999939,0,13.53126621,0,4470,SPX 12/15/23 P4470,87.6000061,88.30000305,0,13.96961689,0
4475,SPX 12/15/23 C4475,182.5,184.5,184.3500061,13.47614384,22,4475,SPX 12/15/23 P4475,89,89.69999695,89.75,13.90958405,54
4480,SPX 12/15/23 C4480,179.1000061,181,0,13.42374897,0,4480,SPX 12/15/23 P4480,90.40000916,91.19999695,91.61000061,13.8524828,5
4485,SPX 12/15/23 C4485,175.6000061,177.3999939,0,13.35270691,0,4485,SPX 12/15/23 P4485,91.80000305,92.6000061,0,13.78777027,0
4490,SPX 12/15/23 C4490,172.1999969,174.1000061,0,13.30563259,0,4490,SPX 12/15/23 P4490,93.30000305,94.09999084,94.02000427,13.73174286,2
4495,SPX 12/15/23 C4495,169,170.3000031,0,13.23958969,0,4495,SPX 12/15/23 P4495,94.80000305,95.59999084,96.57000732,13.67299271,1
4500,SPX 12/15/23 C4500,165.8999939,166.5,162.7299957,13.17617321,2653,4500,SPX 12/15/23 P4500,96.5,97,96.88000488,13.61685658,3432
4505,SPX 12/15/23 C4505,162.5,163.3000031,162.6000061,13.1260004,10,4505,SPX 12/15/23 P4505,97.90000916,98.69999695,100.6000061,13.55288792,2
4510,SPX 12/15/23 C4510,158.6999969,160.5,0,13.07293797,0,4510,SPX 12/15/23 P4510,99.5,100.3000031,96.55000305,13.49651527,1
4515,SPX 12/15/23 C4515,155.3999939,157.1999969,0,13.01698017,0,4515,SPX 12/15/23 P4515,101.0999908,102,104,13.44262218,7
4520,SPX 12/15/23 C4520,152.5,153.6999969,0,12.96870041,0,4520,SPX 12/15/23 P4520,102.6999969,103.6000061,0,13.38059521,0
4525,SPX 12/15/23 C4525,149.5,150,150.1600037,12.90161991,67,4525,SPX 12/15/23 P4525,104.5,105.1000061,104.2900085,13.32100105,1053
4530,SPX 12/15/23 C4530,146.1000061,147.3000031,143.6900024,12.86321449,1,4530,SPX 12/15/23 P4530,106.1000061,107,0,13.26904392,0
4535,SPX 12/15/23 C4535,142.8999939,143.8000031,0,12.79024029,0,4535,SPX 12/15/23 P4535,107.9000092,108.8000031,0,13.21939564,0
4540,SPX 12/15/23 C4540,139.8000031,140.8999939,137.3800049,12.75099277,1,4540,SPX 12/15/23 P4540,109.6000061,110.6000061,0,13.1615448,0
4545,SPX 12/15/23 C4545,136.6999969,137.5,0,12.68249893,0,4545,SPX 12/15/23 P4545,111.5,112.4000092,0,13.11117935,0
4550,SPX 12/15/23 C4550,133.8000031,134.3000031,133,12.63184547,43,4550,SPX 12/15/23 P4550,113.5,114,119.8000031,13.05258369,148
4555,SPX 12/15/23 C4555,130.6000061,131.6999969,0,12.59368992,0,4555,SPX 12/15/23 P4555,115.1999969,116.0999908,0,13.00138664,0
4560,SPX 12/15/23 C4560,127.5999908,128.6999969,141.1000061,12.54194069,2,4560,SPX 12/15/23 P4560,117.1000061,118,0,12.94712639,0
4565,SPX 12/15/23 C4565,124.8000031,125.3000031,125.4000092,12.47641182,511,4565,SPX 12/15/23 P4565,119.1999969,119.8000031,122,12.8949728,500
15-Dec-23 (105d); CSize 100,,,,,,,,,,,,,
4440,SPXW 12/15/23 C4440,208.8000031,209.3999939,0,13.90072918,0,4440,SPXW 12/15/23 P4440,80.19999695,80.69999695,80.6000061,14.35928535,48
4450,SPXW 12/15/23 C4450,201.5,202.1000061,0,13.78322124,0,4450,SPXW 12/15/23 P4450,82.80000305,83.30000305,85.62001038,14.24370289,201
4460,SPXW 12/15/23 C4460,194.1999969,194.8999939,0,13.66152191,0,4460,SPXW 12/15/23 P4460,85.3999939,85.90000916,85.80000305,14.11856747,5
4470,SPXW 12/15/23 C4470,187.1000061,187.8000031,0,13.54716969,0,4470,SPXW 12/15/23 P4470,88.1000061,88.69999695,83.16000366,14.00034332,3
4475,SPXW 12/15/23 C4475,183.6000061,184.3000031,0,13.49203491,0,4475,SPXW 12/15/23 P4475,89.5,90.1000061,87.19999695,13.94024944,4
4480,SPXW 12/15/23 C4480,180.1000061,180.8000031,0,13.43420219,0,4480,SPXW 12/15/23 P4480,91,91.5,93.5,13.88308811,7
4490,SPXW 12/15/23 C4490,173.1999969,173.8999939,0,13.31613922,0,4490,SPXW 12/15/23 P4490,93.8999939,94.40000916,97.69999695,13.76209831,10
4500,SPXW 12/15/23 C4500,166.3999939,167.1000061,163.9799957,13.20283413,2,4500,SPXW 12/15/23 P4500,96.90000916,97.5,99.5,13.64721966,31
4510,SPXW 12/15/23 C4510,159.8000031,160.3999939,0,13.09426975,0,4510,SPXW 12/15/23 P4510,100.1000061,100.6999969,99.96000671,13.53222275,1
4520,SPXW 12/15/23 C4520,153.1999969,153.8000031,150.8999939,12.97952652,13,4520,SPXW 12/15/23 P4520,103.4000092,103.9000092,101.3099976,13.41635609,4
4525,SPXW 12/15/23 C4525,150,150.6000061,0,12.92834282,0,4525,SPXW 12/15/23 P4525,105.1000061,105.6000061,0,13.36206532,0
4530,SPXW 12/15/23 C4530,146.8000031,147.3999939,0,12.87419128,0,4530,SPXW 12/15/23 P4530,106.8000031,107.4000092,0,13.31013775,0
4540,SPXW 12/15/23 C4540,140.5,141.1000061,155.2799988,12.76739407,3,4540,SPXW 12/15/23 P4540,110.3000031,110.9000092,111.3000031,13.19751549,9
4550,SPXW 12/15/23 C4550,134.3000031,134.8999939,132.6000061,12.65887833,11,4550,SPXW 12/15/23 P4550,114,114.6000061,116.5,13.09393597,130
4560,SPXW 12/15/23 C4560,128.1999969,128.8999939,126.1999969,12.55357552,5,4560,SPXW 12/15/23 P4560,117.8000031,118.4000092,118.8000031,12.98868275,9
4570,SPXW 12/15/23 C4570,122.3000031,122.9000092,0,12.44750786,0,4570,SPXW 12/15/23 P4570,121.6999969,122.3000031,125.1999969,12.88152409,8
4575,SPXW 12/15/23 C4575,119.4000092,120,0,12.39719105,0,4575,SPXW 12/15/23 P4575,123.6999969,124.3000031,119.6000061,12.8284502,7
4580,SPXW 12/15/23 C4580,116.6000061,117.1000061,0,12.34757328,0,4580,SPXW 12/15/23 P4580,125.8000031,126.3999939,132.9299927,12.78256893,9
4590,SPXW 12/15/23 C4590,110.9000092,111.5,0,12.24510002,0,4590,SPXW 12/15/23 P4590,130,130.6000061,126.6000061,12.68120289,14
4600,SPXW 12/15/23 C4600,105.5,106,106.3800049,12.14806175,1,4600,SPXW 12/15/23 P4600,134.3999939,135,141.1799927,12.5875349,4
29-Dec-23 (119d); CSize 100,,,,,,,,,,,,,
4470,SPXW 12/29/23 C4470,203.3999939,204.5,0,13.88240433,0,4470,SPXW 12/29/23 P4470,93.8999939,94.80000305,89.51000977,14.22267723,1
4475,SPXW 12/29/23 C4475,199.8999939,201,194.6999969,13.82888794,1,4475,SPXW 12/29/23 P4475,95.19999695,96.19999695,100,14.16164017,44
4480,SPXW 12/29/23 C4480,196.3999939,197.5,0,13.77311516,0,4480,SPXW 12/29/23 P4480,96.59999084,97.6000061,94.19999695,14.10360813,1
4485,SPXW 12/29/23 C4485,192.8999939,194,0,13.71508312,0,4485,SPXW 12/29/23 P4485,98.1000061,99.1000061,0,14.05364323,0
4490,SPXW 12/29/23 C4490,189.5,190.5,0,13.66071987,0,4490,SPXW 12/29/23 P4490,99.5,100.5,0,13.99117279,0
4495,SPXW 12/29/23 C4495,186,187.1000061,0,13.60398197,0,4495,SPXW 12/29/23 P4495,101,102,0,13.93667793,0
4500,SPXW 12/29/23 C4500,182.6000061,183.6999969,178.6000061,13.54989338,652,4500,SPXW 12/29/23 P4500,102.5,103.5,101.6999969,13.88034916,167
4505,SPXW 12/29/23 C4505,179.1999969,180.3000031,0,13.48830414,0,4505,SPXW 12/29/23 P4505,104,105,98.71000671,13.82207966,2
4510,SPXW 12/29/23 C4510,175.8999939,176.8999939,0,13.43435574,0,4510,SPXW 12/29/23 P4510,105.6000061,106.6000061,0,13.7714386,0
4515,SPXW 12/29/23 C4515,172.5,173.6000061,0,13.37793064,0,4515,SPXW 12/29/23 P4515,107.0999908,108.1000061,0,13.703269,0
4520,SPXW 12/29/23 C4520,169.1999969,170.3000031,0,13.32401466,0,4520,SPXW 12/29/23 P4520,108.6999969,109.6999969,0,13.64772415,0
4525,SPXW 12/29/23 C4525,166,167,0,13.27256298,0,4525,SPXW 12/29/23 P4525,110.4000092,111.4000092,0,13.59966087,0
4530,SPXW 12/29/23 C4530,162.6999969,163.8000031,164.7299957,13.21855927,3,4530,SPXW 12/29/23 P4530,112,113,0,13.53913593,0
4535,SPXW 12/29/23 C4535,159.5,160.6000061,0,13.16695499,0,4535,SPXW 12/29/23 P4535,113.6999969,114.6999969,0,13.48602867,0
4540,SPXW 12/29/23 C4540,156.3000031,157.3999939,0,13.11275864,0,4540,SPXW 12/29/23 P4540,115.3999939,116.4000092,0,13.43037987,0
4545,SPXW 12/29/23 C4545,153.1000061,154.1999969,0,13.05596066,0,4545,SPXW 12/29/23 P4545,117.1999969,118.1999969,0,13.38204575,0
4550,SPXW 12/29/23 C4550,150,151.1000061,146.4600067,13.00640488,1,4550,SPXW 12/29/23 P4550,118.9000092,120,112,13.32618618,2
4555,SPXW 12/29/23 C4555,146.8999939,148,159.5700073,12.95418549,1,4555,SPXW 12/29/23 P4555,120.8000031,121.8000031,0,13.27756691,0
4560,SPXW 12/29/23 C4560,143.8000031,144.8999939,0,12.89928818,0,4560,SPXW 12/29/23 P4560,122.5999908,123.6000061,124.0299988,13.22139835,10
4565,SPXW 12/29/23 C4565,140.8000031,141.8000031,136.1000061,12.84660339,26,4565,SPXW 12/29/23 P4565,124.3999939,125.5,0,13.16749573,0
19-Jan-24 (140d); CSize 100,,,,,,,,,,,,,
4440,SPX 1/19/24 C4440,245.3000031,247.8000031,0,14.4243021,0,4440,SPX 1/19/24 P4440,95,96,95.6000061,14.96989632,2
4450,SPX 1/19/24 C4450,239,239.6999969,232.4799957,14.32563114,1218,4450,SPX 1/19/24 P4450,97.80000305,98.30000305,97.44999695,14.86262512,176
4460,SPX 1/19/24 C4460,230.8000031,233.3000031,0,14.20985699,0,4460,SPX 1/19/24 P4460,100,101.1000061,99.8500061,14.74355507,13
4470,SPX 1/19/24 C4470,223.8000031,226.1000061,0,14.10648632,0,4470,SPX 1/19/24 P4470,102.6000061,103.6999969,0,14.6273632,0
4475,SPX 1/19/24 C4475,220.1000061,222.6000061,0,14.04715729,0,4475,SPX 1/19/24 P4475,104.1999969,105,104.3500061,14.58113861,5
4480,SPX 1/19/24 C4480,216.6000061,219.1000061,0,13.9956665,0,4480,SPX 1/19/24 P4480,105.3000031,106.5,108.5,14.5185957,2
4490,SPX 1/19/24 C4490,209.6000061,212.1000061,0,13.88696289,0,4490,SPX 1/19/24 P4490,108.1000061,109.3000031,0,14.40733051,0
4500,SPX 1/19/24 C4500,203.5,204.5,204,13.78487206,13,4500,SPX 1/19/24 P4500,111.3999939,111.9000092,112,14.30291367,166
4510,SPX 1/19/24 C4510,196.1000061,198.3000031,0,13.68088341,0,4510,SPX 1/19/24 P4510,114,115.1999969,0,14.19087791,0
4520,SPX 1/19/24 C4520,189.3000031,191.6000061,0,13.56849384,0,4520,SPX 1/19/24 P4520,117.1000061,118.3000031,0,14.08539391,0
4525,SPX 1/19/24 C4525,186.8000031,187.5,191.1999969,13.51865959,9,4525,SPX 1/19/24 P4525,118.8999939,119.6000061,121.3000031,14.03046131,26
4530,SPX 1/19/24 C4530,182.6999969,185,190.6000061,13.46667957,6,4530,SPX 1/19/24 P4530,120.1999969,121.5,115.3000031,13.97808838,15
4540,SPX 1/19/24 C4540,176.5,178.3000031,0,13.37014198,0,4540,SPX 1/19/24 P4540,123.5,124.8000031,119,13.87119675,19
4550,SPX 1/19/24 C4550,170.6000061,171.3000031,175,13.26483345,1,4550,SPX 1/19/24 P4550,127.1999969,127.8000031,128.1000061,13.7654314,28
4560,SPX 1/19/24 C4560,163.8000031,165.6000061,169.6000061,13.16905499,2,4560,SPX 1/19/24 P4560,130.3999939,131.6999969,130.3999939,13.66938686,5
4570,SPX 1/19/24 C4570,157.6999969,159.3999939,0,13.07339573,0,4570,SPX 1/19/24 P4570,133.8999939,135.3000031,136.1999969,13.56454086,11
4575,SPX 1/19/24 C4575,154.6000061,156.3000031,155.5599976,13.01985359,33,4575,SPX 1/19/24 P4575,135.8000031,137.1999969,138,13.52021313,8
4580,SPX 1/19/24 C4580,151.6000061,153.3000031,0,12.97313786,0,4580,SPX 1/19/24 P4580,137.6000061,139,131.2700043,13.4645071,20
4590,SPX 1/19/24 C4590,145.6999969,147.3000031,0,12.87724972,0,4590,SPX 1/19/24 P4590,141.5,142.8999939,143.8000031,13.37366104,5
4600,SPX 1/19/24 C4600,140.3000031,140.8000031,141.0500031,12.77190304,157,4600,SPX 1/19/24 P4600,145.6999969,146.3000031,145.0500031,13.26454258,155
19-Jan-24 (140d); CSize 100,,,,,,,,,,,,,
4440,SPXW 1/19/24 C4440,246.3000031,247.3999939,0,14.42512035,0,4440,SPXW 1/19/24 P4440,95.40000916,96.30000305,0,14.98974895,0
4450,SPXW 1/19/24 C4450,239,240.1000061,0,14.31656742,0,4450,SPXW 1/19/24 P4450,97.90000916,98.80000305,97.90000916,14.87745094,1
4460,SPXW 1/19/24 C4460,231.8000031,232.8999939,0,14.21077156,0,4460,SPXW 1/19/24 P4460,100.4000092,101.4000092,0,14.76325703,0
4470,SPXW 1/19/24 C4470,224.6000061,225.8999939,0,14.10746098,0,4470,SPXW 1/19/24 P4470,103.1000061,104.1000061,0,14.65671635,0
4475,SPXW 1/19/24 C4475,221.1000061,222.1999969,218.3200073,14.04817677,9,4475,SPXW 1/19/24 P4475,104.4000092,105.4000092,106.1200104,14.59594154,9
4480,SPXW 1/19/24 C4480,217.6000061,218.6999969,215.0399933,13.99672413,9,4480,SPXW 1/19/24 P4480,105.8000031,106.8000031,107.2900085,14.54303074,9
4490,SPXW 1/19/24 C4490,210.6000061,211.6999969,0,13.88811302,0,4490,SPXW 1/19/24 P4490,108.6000061,109.6000061,0,14.43171978,0
4500,SPXW 1/19/24 C4500,203.6999969,204.8000031,203.8200073,13.78137016,77,4500,SPXW 1/19/24 P4500,111.5,112.5,0,14.32253456,0
4510,SPXW 1/19/24 C4510,197,198.1000061,206.6999969,13.68691158,12,4510,SPXW 1/19/24 P4510,114.5,115.5,115,14.21523857,3
4520,SPXW 1/19/24 C4520,190.3000031,191.3999939,197.1999969,13.58435726,6,4520,SPXW 1/19/24 P4520,117.6000061,118.6000061,0,14.10963535,0
4525,SPXW 1/19/24 C4525,187,188,0,13.52485275,0,4525,SPXW 1/19/24 P4525,119.1999969,120.1999969,0,14.05938625,0
4530,SPXW 1/19/24 C4530,183.6999969,184.8000031,194.3999939,13.4775753,6,4530,SPXW 1/19/24 P4530,120.8000031,121.8000031,0,14.00704575,0
4540,SPXW 1/19/24 C4540,177.1999969,178.3000031,0,13.37652111,0,4540,SPXW 1/19/24 P4540,124.1000061,125.1000061,0,13.90023327,0
4550,SPXW 1/19/24 C4550,170.8000031,171.8999939,0,13.27596474,0,4550,SPXW 1/19/24 P4550,127.5,128.5,0,13.79916859,0
4560,SPXW 1/19/24 C4560,164.5,165.6000061,0,13.17574215,0,4560,SPXW 1/19/24 P4560,131,132,0,13.69864655,0
4570,SPXW 1/19/24 C4570,158.3000031,159.3999939,0,13.07568741,0,4570,SPXW 1/19/24 P4570,134.6000061,135.6000061,0,13.59852219,0
4575,SPXW 1/19/24 C4575,155.3000031,156.3000031,0,13.02681351,0,4575,SPXW 1/19/24 P4575,136.3999939,137.3999939,0,13.54514217,0
4580,SPXW 1/19/24 C4580,152.1999969,153.3000031,0,12.97563839,0,4580,SPXW 1/19/24 P4580,138.3000031,139.3000031,0,13.4986515,0
4590,SPXW 1/19/24 C4590,146.3000031,147.3999939,0,12.88451576,0,4590,SPXW 1/19/24 P4590,142.1000061,143.1999969,0,13.40344238,0
4600,SPXW 1/19/24 C4600,140.3999939,141.5,155.9600067,12.78395081,1,4600,SPXW 1/19/24 P4600,146,147.1000061,148.1999969,13.3036499,23
31-Jan-24 (152d); CSize 100,,,,,,,,,,,,,
4440,SPXW 1/31/24 C4440,258.1000977,259.5998535,0,14.62412357,0,4440,SPXW 1/31/24 P4440,101.4000092,102.6999969,106.6399994,15.21827221,2
4450,SPXW 1/31/24 C4450,250.8999939,252.3999939,0,14.52582073,0,4450,SPXW 1/31/24 P4450,103.9000092,105.1999969,100,15.10843849,1
4460,SPXW 1/31/24 C4460,243.6999969,245.1999969,0,14.42098045,0,4460,SPXW 1/31/24 P4460,106.5,107.8000031,0,15.00185871,0
4470,SPXW 1/31/24 C4470,236.6000061,238.1000061,233.8500061,14.31896114,2,4470,SPXW 1/31/24 P4470,109.1999969,110.5,111.1999969,14.8982935,3
4475,SPXW 1/31/24 C4475,233,234.6000061,0,14.26543903,0,4475,SPXW 1/31/24 P4475,110.5,111.8000031,110.5299988,14.83944988,2
4480,SPXW 1/31/24 C4480,229.5,231,235.1999969,14.21024132,6,4480,SPXW 1/31/24 P4480,111.9000092,113.1999969,117.5400085,14.78826714,3
4490,SPXW 1/31/24 C4490,222.6000061,224.1000061,0,14.1132164,0,4490,SPXW 1/31/24 P4490,114.6999969,116,0,14.68093777,0
4500,SPXW 1/31/24 C4500,215.6999969,217.1999969,213,14.00917244,708,4500,SPXW 1/31/24 P4500,117.6000061,118.9000092,118.4000092,14.57608223,754
4510,SPXW 1/31/24 C4510,208.8999939,210.5,0,13.91169834,0,4510,SPXW 1/31/24 P4510,120.6000061,121.9000092,121.5,14.47348499,3
4520,SPXW 1/31/24 C4520,202.3000031,203.8000031,215.8699951,13.81691074,2,4520,SPXW 1/31/24 P4520,123.6999969,125,125.8000031,14.37294102,2
4525,SPXW 1/31/24 C4525,198.8999939,200.3999939,0,13.76027203,0,4525,SPXW 1/31/24 P4525,125.1999969,126.6000061,122.8000031,14.32001209,1
4530,SPXW 1/31/24 C4530,195.6000061,197.1999969,207.8399963,13.71511841,2,4530,SPXW 1/31/24 P4530,126.8000031,128.1999969,0,14.26977921,0
4540,SPXW 1/31/24 C4540,189.1000061,190.6000061,0,13.60938835,0,4540,SPXW 1/31/24 P4540,130.1000061,131.3999939,0,14.16987133,0
4550,SPXW 1/31/24 C4550,182.6999969,184.1999969,0,13.51412392,0,4550,SPXW 1/31/24 P4550,133.3999939,134.8000031,0,14.06616497,0
4560,SPXW 1/31/24 C4560,176.3999939,177.8999939,188.4400024,13.41966152,134,4560,SPXW 1/31/24 P4560,136.8000031,138.3000031,0,13.96852112,0
4570,SPXW 1/31/24 C4570,170.1999969,171.6999969,181.7400055,13.32586479,78,4570,SPXW 1/31/24 P4570,140.3999939,141.8000031,0,13.87175369,0
4575,SPXW 1/31/24 C4575,167.1000061,168.6000061,178.8600006,13.27588177,4,4575,SPXW 1/31/24 P4575,142.1999969,143.6000061,0,13.82256508,0
4580,SPXW 1/31/24 C4580,164.1000061,165.6000061,176.1900024,13.23259926,32,4580,SPXW 1/31/24 P4580,144,145.3999939,0,13.77136135,0
4590,SPXW 1/31/24 C4590,158,159.5,169.5899963,13.13098049,10,4590,SPXW 1/31/24 P4590,147.8000031,149.1999969,144.6999969,13.68037701,1
4600,SPXW 1/31/24 C4600,152.1000061,153.6000061,164.5399933,13.0383873,11,4600,SPXW 1/31/24 P4600,151.6000061,153.1000061,0,13.58553505,0
16-Feb-24 (168d); CSize 100,,,,,,,,,,,,,
4440,SPX 2/16/24 C4440,273.8999023,276.7998047,0,14.88279247,0,4440,SPX 2/16/24 P4440,109.4000092,110.5,114.6500092,15.42074203,3
4450,SPX 2/16/24 C4450,266.6999512,269.5998535,267.5900879,14.7848959,2,4450,SPX 2/16/24 P4450,111.9000092,112.8000031,112.3899994,15.30561638,65
4460,SPX 2/16/24 C4460,259.6000977,262.3999023,0,14.68577957,0,4460,SPX 2/16/24 P4460,114.5,115.6000061,0,15.21193218,0
4470,SPX 2/16/24 C4470,252.5,255.3000031,0,14.58531952,0,4470,SPX 2/16/24 P4470,117.1000061,118.3000031,117.5400085,15.10814285,2
4475,SPX 2/16/24 C4475,249,251.8000031,0,14.53731441,0,4475,SPX 2/16/24 P4475,118.5,119.6000061,119.8899994,15.05633926,7
4480,SPX 2/16/24 C4480,245.5,248.3000031,0,14.487813,0,4480,SPX 2/16/24 P4480,119.8000031,121,122.1300049,15.00311089,3
4490,SPX 2/16/24 C4490,238.6000061,241.3000031,0,14.38868809,0,4490,SPX 2/16/24 P4490,122.6000061,123.8000031,124.75,14.90108109,3
4500,SPX 2/16/24 C4500,232.6000061,233.6999969,233,14.29650688,13,4500,SPX 2/16/24 P4500,125.6999969,126.3000031,126.0800018,14.7932024,41
4510,SPX 2/16/24 C4510,224.8999939,227.6000061,0,14.18945122,0,4510,SPX 2/16/24 P4510,128.5,129.6999969,129.9100037,14.70524788,16
4520,SPX 2/16/24 C4520,218.1999969,220.8999939,0,14.0933466,0,4520,SPX 2/16/24 P4520,131.5,132.6999969,133.8000031,14.60252571,14
4525,SPX 2/16/24 C4525,214.8999939,217.6000061,0,14.04715824,0,4525,SPX 2/16/24 P4525,133.1000061,134,134.5899963,14.54459858,89
4530,SPX 2/16/24 C4530,211.6000061,214.3000031,0,13.99961948,0,4530,SPX 2/16/24 P4530,134.6000061,135.8000031,136.5599976,14.50216007,7
4540,SPX 2/16/24 C4540,205.1000061,207.6999969,214.6600037,13.9047699,2,4540,SPX 2/16/24 P4540,137.8000031,139,139.0700073,14.40397644,18
4550,SPX 2/16/24 C4550,199.6000061,200.3000031,0,13.80630398,0,4550,SPX 2/16/24 P4550,141.3000031,141.8999939,0,14.30085278,0
4560,SPX 2/16/24 C4560,192.8000031,194.6999969,0,13.72679615,0,4560,SPX 2/16/24 P4560,144.3999939,145.6999969,0,14.20701694,0
4570,SPX 2/16/24 C4570,186.6000061,188.3999939,0,13.63589859,0,4570,SPX 2/16/24 P4570,147.8000031,149.1999969,0,14.11122513,0
4575,SPX 2/16/24 C4575,183.3999939,185.3000031,0,13.58565998,0,4575,SPX 2/16/24 P4575,149.6000061,151,0,14.06694031,0
4580,SPX 2/16/24 C4580,180.6000061,181.6000061,0,13.52529049,0,4580,SPX 2/16/24 P4580,151.3999939,152.6999969,0,14.01670837,0
4590,SPX 2/16/24 C4590,174.5,175.5,0,13.43240356,0,4590,SPX 2/16/24 P4590,155,156.3999939,0,13.92337132,0
4600,SPX 2/16/24 C4600,168.5,169.5,164.8000031,13.34042358,3,4600,SPX 2/16/24 P4600,158.8000031,159.6999969,0,13.81453323,0
29-Feb-24 (181d); CSize 100,,,,,,,,,,,,,
4440,SPXW 2/29/24 C4440,286.1999512,288,0,15.27030182,0,4440,SPXW 2/29/24 P4440,114.8999939,116.6000061,0,15.48512268,0
4450,SPXW 2/29/24 C4450,279,280.8000488,291.3500977,15.16946602,4,4450,SPXW 2/29/24 P4450,117.5,119.1000061,0,15.3840332,0
4460,SPXW 2/29/24 C4460,271.8999023,273.6999512,0,15.07208729,0,4460,SPXW 2/29/24 P4460,120.1000061,121.6999969,0,15.28217316,0
4470,SPXW 2/29/24 C4470,264.8000488,266.6999512,0,14.97373009,0,4470,SPXW 2/29/24 P4470,122.6999969,124.4000092,120.1200104,15.17943859,2
4475,SPXW 2/29/24 C4475,261.3000488,263.1999512,0,14.92467594,0,4475,SPXW 2/29/24 P4475,124.1000061,125.8000031,0,15.1324873,0
4480,SPXW 2/29/24 C4480,257.8000488,259.6999512,0,14.87427235,0,4480,SPXW 2/29/24 P4480,125.5,127.1000061,0,15.07995701,0
4490,SPXW 2/29/24 C4490,250.8999939,252.8000031,0,14.77782822,0,4490,SPXW 2/29/24 P4490,128.3000031,130,0,14.9835434,0
4500,SPXW 2/29/24 C4500,244.1000061,245.8999939,241.4499969,14.68003464,721,4500,SPXW 2/29/24 P4500,131.1000061,132.8000031,133.1499939,14.87748718,721
4510,SPXW 2/29/24 C4510,237.3000031,239.1000061,0,14.58079338,0,4510,SPXW 2/29/24 P4510,134.1000061,135.8000031,0,14.78260136,0
4520,SPXW 2/29/24 C4520,230.6000061,232.3999939,0,14.48413563,0,4520,SPXW 2/29/24 P4520,137.1000061,138.8000031,0,14.68205452,0
4525,SPXW 2/29/24 C4525,227.3000031,229.1000061,225.1199951,14.43775368,21,4525,SPXW 2/29/24 P4525,138.6000061,140.3999939,140.8899994,14.63376713,22
4530,SPXW 2/29/24 C4530,224,225.8000031,237.5700073,14.38989449,2,4530,SPXW 2/29/24 P4530,140.1999969,141.8999939,0,14.58403111,0
4540,SPXW 2/29/24 C4540,217.3999939,219.1999969,0,14.28974342,0,4540,SPXW 2/29/24 P4540,143.3999939,145.1000061,0,14.4883709,0
4550,SPXW 2/29/24 C4550,210.8999939,212.8000031,223.1399994,14.19743919,2,4550,SPXW 2/29/24 P4550,146.6000061,148.3999939,0,14.39186001,0
4560,SPXW 2/29/24 C4560,204.6000061,206.3999939,0,14.10168839,0,4560,SPXW 2/29/24 P4560,149.8999939,151.6999969,0,14.29383659,0
4570,SPXW 2/29/24 C4570,198.3000031,200.1000061,209.7599945,14.00848961,2,4570,SPXW 2/29/24 P4570,153.3999939,155.1000061,0,14.19639301,0
4575,SPXW 2/29/24 C4575,195.1000061,197,0,13.95941734,0,4575,SPXW 2/29/24 P4575,155.1000061,156.8999939,0,14.14976025,0
4580,SPXW 2/29/24 C4580,192,193.8999939,204.1900024,13.91271687,134,4580,SPXW 2/29/24 P4580,156.8999939,158.6000061,0,14.10148048,0
4590,SPXW 2/29/24 C4590,185.8999939,187.6999969,198.1900024,13.81832314,114,4590,SPXW 2/29/24 P4590,160.5,162.1999969,0,14.00799274,0
4600,SPXW 2/29/24 C4600,179.8999939,181.6999969,191.5899963,13.72922516,12,4600,SPXW 2/29/24 P4600,164.1000061,165.8999939,0,13.91183758,0
15-Mar-24 (196d); CSize 100,,,,,,,,,,,,,
4275,SPX 3/15/24 C4275,424.5998535,428.1999512,0,16.40842438,0,4275,SPX 3/15/24 P4275,88.30000305,89,88.23001099,17.11488152,87
4300,SPX 3/15/24 C4300,405.8000488,407.7998047,0,16.19537735,0,4300,SPX 3/15/24 P4300,92.69999695,93.30000305,93.32000732,16.85697174,326
4325,SPX 3/15/24 C4325,385.2998047,388.8999023,0,15.95400906,0,4325,SPX 3/15/24 P4325,97.3999939,98.1000061,101.7400055,16.61247635,11
4350,SPX 3/15/24 C4350,366,369.5998535,0,15.72048759,0,4350,SPX 3/15/24 P4350,102.3999939,103,102.0500031,16.36792946,55
4375,SPX 3/15/24 C4375,347.2998047,350.5998535,0,15.50179291,0,4375,SPX 3/15/24 P4375,107.6999969,108.4000092,108.6200104,16.12992477,293
4400,SPX 3/15/24 C4400,329.6999512,331,328.2199707,15.27840328,31,4400,SPX 3/15/24 P4400,113.3000031,113.9000092,113.2799988,15.88443279,849
4425,SPX 3/15/24 C4425,310.3999023,313.5,0,15.04494476,0,4425,SPX 3/15/24 P4425,119.1999969,119.9000092,120.2400055,15.64705849,68
4450,SPX 3/15/24 C4450,292.3999023,295.5,295.6101074,14.81686115,31,4450,SPX 3/15/24 P4450,125.3999939,126,125.7700043,15.39959621,70
4475,SPX 3/15/24 C4475,274.7998047,277.7998047,287.5700684,14.58825207,316,4475,SPX 3/15/24 P4475,132,132.6999969,134.0099945,15.16506672,68
4500,SPX 3/15/24 C4500,258.5,259.6999512,266,14.36547852,152,4500,SPX 3/15/24 P4500,139.1000061,139.6999969,139.2799988,14.93344402,191
4525,SPX 3/15/24 C4525,241.8999939,242.6999969,247.3000031,14.1427393,251,4525,SPX 3/15/24 P4525,146.5,147.6000061,145,14.718606,253
4550,SPX 3/15/24 C4550,225.6000061,226.3000031,222.6600037,13.9238596,1203,4550,SPX 3/15/24 P4550,154.3999939,155.1000061,153.6499939,14.47623253,8
4575,SPX 3/15/24 C4575,209.3000031,211.1999969,208.2100067,13.7164135,152,4575,SPX 3/15/24 P4575,162.6999969,163.6000061,160.9799957,14.25307941,3
4600,SPX 3/15/24 C4600,194.3000031,195.1000061,205.8999939,13.4887619,117,4600,SPX 3/15/24 P4600,171.6999969,172.3000031,0,14.03391266,0
4625,SPX 3/15/24 C4625,179.3000031,180.3000031,179.3699951,13.27269936,134,4625,SPX 3/15/24 P4625,180.8000031,182.1999969,183,13.82713604,202
4650,SPX 3/15/24 C4650,165.1999969,165.8999939,0,13.06690598,0,4650,SPX 3/15/24 P4650,191,191.6999969,190.8000031,13.60923672,513
4675,SPX 3/15/24 C4675,151.1999969,152.6999969,151.5,12.87010384,8,4675,SPX 3/15/24 P4675,201.3000031,202.8000031,0,13.41676903,0
4700,SPX 3/15/24 C4700,138.3999939,139.1000061,137.6999969,12.66220093,411,4700,SPX 3/15/24 P4700,212.6999969,213.3999939,214.3699951,13.20750618,13
4725,SPX 3/15/24 C4725,125.8000031,126.8000031,0,12.4696188,0,4725,SPX 3/15/24 P4725,224.1999969,225.8000031,224.6600037,13.02931595,6
4750,SPX 3/15/24 C4750,114.1999969,114.8000031,126.6999969,12.27776527,17,4750,SPX 3/15/24 P4750,236.6000061,238.3000031,237.2599945,12.84745407,19
28-Mar-24 (209d); CSize 100,,,,,,,,,,,,,
4275,SPXW 3/28/24 C4275,437,442.8999023,0,16.59756851,0,4275,SPXW 3/28/24 P4275,93.69999695,95.1000061,0,17.3076458,0
4300,SPXW 3/28/24 C4300,417.2998047,423.1999512,0,16.37001991,0,4300,SPXW 3/28/24 P4300,98.19999695,99.69999695,98.30999756,17.06789589,17
4325,SPXW 3/28/24 C4325,398,403.7998047,0,16.15106392,0,4325,SPXW 3/28/24 P4325,103,104.5,102.9900055,16.82889175,3
4350,SPXW 3/28/24 C4350,378.7998047,384.5998535,382.1000977,15.92790127,2,4350,SPXW 3/28/24 P4350,108,109.6000061,108.3399963,16.58922386,6
4375,SPXW 3/28/24 C4375,360.6000977,364.1999512,0,15.66873646,0,4375,SPXW 3/28/24 P4375,113.3000031,114.9000092,113.7400055,16.35415268,26
4400,SPXW 3/28/24 C4400,342,345.6999512,0,15.44941044,0,4400,SPXW 3/28/24 P4400,118.9000092,120.6000061,121.3600006,16.12051582,11
4425,SPXW 3/28/24 C4425,323.6999512,327.3999023,0,15.22566223,0,4425,SPXW 3/28/24 P4425,124.8999939,126.5,123.6200104,15.88769817,2
4450,SPXW 3/28/24 C4450,305.8000488,309.5,314.3999023,15.00828743,1,4450,SPXW 3/28/24 P4450,131.1000061,132.8000031,132.8699951,15.65436554,5
4475,SPXW 3/28/24 C4475,288.1999512,291.8999023,291.1401367,14.78775311,5,4475,SPXW 3/28/24 P4475,137.6999969,139.5,141.75,15.42698002,8
4500,SPXW 3/28/24 C4500,270.8999023,274.6999512,0,14.56667519,0,4500,SPXW 3/28/24 P4500,144.6999969,146.5,145.1000061,15.20012188,3
4525,SPXW 3/28/24 C4525,254.1000061,257.8000488,257.4299316,14.34743214,5,4525,SPXW 3/28/24 P4525,152.1000061,154,154.1100006,14.97996902,70
4550,SPXW 3/28/24 C4550,237.6999969,241.3999939,0,14.13221931,0,4550,SPXW 3/28/24 P4550,159.8999939,161.8000031,161.3999939,14.75749397,74
4575,SPXW 3/28/24 C4575,221.6999969,225.5,228.5599976,13.91749096,2,4575,SPXW 3/28/24 P4575,168.1999969,169.8999939,172.7400055,14.53686905,7
4600,SPXW 3/28/24 C4600,206.1999969,210,0,13.7072916,0,4600,SPXW 3/28/24 P4600,176.8000031,178.8000031,0,14.32186699,0
4625,SPXW 3/28/24 C4625,191.1999969,194.8999939,0,13.49550819,0,4625,SPXW 3/28/24 P4625,186,187.8999939,0,14.10749912,0
4650,SPXW 3/28/24 C4650,177.8999939,179.8999939,0,13.31386852,0,4650,SPXW 3/28/24 P4650,195.6999969,197.6000061,0,13.89890003,0
4675,SPXW 3/28/24 C4675,164.1000061,165.8999939,170.5800018,13.11412811,2,4675,SPXW 3/28/24 P4675,205.8000031,207.8000031,0,13.68801212,0
4700,SPXW 3/28/24 C4700,150.5,152.3999939,147.1199951,12.90252399,1,4700,SPXW 3/28/24 P4700,215.6000061,219.3000031,0,13.47764683,0
4725,SPXW 3/28/24 C4725,137.6999969,139.6000061,0,12.70688343,0,4725,SPXW 3/28/24 P4725,227.1000061,230.8000031,227.7799988,13.29239464,2
4750,SPXW 3/28/24 C4750,125.6000061,127.4000092,0,12.51875973,0,4750,SPXW 3/28/24 P4750,239.1000061,242.8000031,236.8099976,13.10604572,2
19-Apr-24 (231d); CSize 100,,,,,,,,,,,,,
4275,SPX 4/19/24 C4275,456.2998047,460.2998047,0,16.73708344,0,4275,SPX 4/19/24 P4275,102.1000061,103.1000061,105.1699982,17.47349358,20
4300,SPX 4/19/24 C4300,438,440,0,16.53860664,0,4300,SPX 4/19/24 P4300,106.6999969,107.3000031,106.7100067,17.22248077,25
4325,SPX 4/19/24 C4325,417.6000977,421.6999512,0,16.31409454,0,4325,SPX 4/19/24 P4325,111.6000061,112.6999969,114.0100098,17.01600075,2
4350,SPX 4/19/24 C4350,399,402.1000977,0,16.09572411,0,4350,SPX 4/19/24 P4350,116.6999969,117.5,117.6600037,16.77174759,11
4375,SPX 4/19/24 C4375,380.2998047,383.3999023,0,15.88434887,0,4375,SPX 4/19/24 P4375,122.1000061,123.1999969,123.3300018,16.56162643,4
4400,SPX 4/19/24 C4400,361.7998047,364.8999023,0,15.66749477,0,4400,SPX 4/19/24 P4400,127.8000031,128.3999939,128.5700073,16.31830025,60
4425,SPX 4/19/24 C4425,343.6999512,346.6999512,0,15.45589542,0,4425,SPX 4/19/24 P4425,133.6999969,134.8999939,133.8600006,16.1123085,14
4450,SPX 4/19/24 C4450,325.7998047,328.7998047,322.1000977,15.24053383,3,4450,SPX 4/19/24 P4450,139.8999939,140.6999969,139.9199982,15.86920261,113
4475,SPX 4/19/24 C4475,308.1999512,311.1999512,0,15.02420139,0,4475,SPX 4/19/24 P4475,146.3999939,147.6999969,146.25,15.65996456,24
4500,SPX 4/19/24 C4500,291,293.8999023,0,14.8093853,0,4500,SPX 4/19/24 P4500,153.3000031,154,153.0099945,15.41632271,175
4525,SPX 4/19/24 C4525,274.1999512,277,0,14.59844112,0,4525,SPX 4/19/24 P4525,160.6000061,161.3000031,161.1799927,15.19970894,183
4550,SPX 4/19/24 C4550,258.8999023,259.6999512,254.2799988,14.40069485,3,4550,SPX 4/19/24 P4550,168.1000061,169.1000061,168.1499939,14.98306179,154
4575,SPX 4/19/24 C4575,242.1999969,244.3999939,244.3399963,14.19836235,4,4575,SPX 4/19/24 P4575,176.1000061,177.6000061,179.4100037,14.7828598,38
4600,SPX 4/19/24 C4600,226.8999939,228.1000061,0,13.97805786,0,4600,SPX 4/19/24 P4600,184.6000061,185.6000061,0,14.5541172,0
4625,SPX 4/19/24 C4625,211.3999939,213.3999939,0,13.78112316,0,4625,SPX 4/19/24 P4625,193.3999939,195,0,14.36015511,0
4650,SPX 4/19/24 C4650,197,198.1000061,0,13.57037735,0,4650,SPX 4/19/24 P4650,202.8000031,203.8999939,203.2700043,14.13920307,2
4675,SPX 4/19/24 C4675,182.3999939,184.3999939,190.5700073,13.37627125,2,4675,SPX 4/19/24 P4675,212.6000061,214.3000031,0,13.95310307,0
4700,SPX 4/19/24 C4700,169,170,0,13.16684437,0,4700,SPX 4/19/24 P4700,223.1000061,224.1999969,0,13.74239826,0
4725,SPX 4/19/24 C4725,155.6000061,157.3999939,0,12.98612309,0,4725,SPX 4/19/24 P4725,233.8999939,235.6000061,235.4900055,13.56175613,5
4750,SPX 4/19/24 C4750,143.3000031,144.3000031,0,12.79164696,0,4750,SPX 4/19/24 P4750,245.5,246.6999969,0,13.36559391,0
17-May-24 (259d); CSize 100,,,,,,,,,,,,,
4275,SPX 5/17/24 C4275,479.6000977,484.1999512,0,16.98132896,0,4275,SPX 5/17/24 P4275,113.4000092,114.5,113.7600098,17.77066994,5
4300,SPX 5/17/24 C4300,460.3999023,465,0,16.78157425,0,4300,SPX 5/17/24 P4300,118.3000031,119.1000061,119.75,17.54893303,1
4325,SPX 5/17/24 C4325,441.3999023,446,0,16.57943535,0,4325,SPX 5/17/24 P4325,123.1000061,124.3000031,123.9700012,17.33049965,3
4350,SPX 5/17/24 C4350,422.7998047,426.7998047,0,16.36632347,0,4350,SPX 5/17/24 P4350,128.3999939,129.6000061,129.3200073,17.11751938,1
4375,SPX 5/17/24 C4375,404.2998047,408.2998047,0,16.17101479,0,4375,SPX 5/17/24 P4375,133.8000031,135,134.7100067,16.89387512,15
4400,SPX 5/17/24 C4400,386,389.8999023,0,15.96320915,0,4400,SPX 5/17/24 P4400,139.6999969,140.5,139.6000061,16.68029404,4
4425,SPX 5/17/24 C4425,367.8999023,371.7998047,0,15.75470352,0,4425,SPX 5/17/24 P4425,145.3999939,146.6999969,147.1399994,16.46188736,12
4450,SPX 5/17/24 C4450,350.1999512,354,0,15.55177784,0,4450,SPX 5/17/24 P4450,151.6999969,153,153.4499969,16.2499218,7
4475,SPX 5/17/24 C4475,332.6999512,336.5,0,15.34615231,0,4475,SPX 5/17/24 P4475,158.1999969,159.5,160,16.03269386,1
4500,SPX 5/17/24 C4500,315.5998535,319.2998047,310.1000977,15.14393234,5,4500,SPX 5/17/24 P4500,165.3000031,166.1999969,167.5500031,15.82334328,8
4525,SPX 5/17/24 C4525,298.6999512,302.3999023,0,14.93719864,0,4525,SPX 5/17/24 P4525,172.1999969,173.6000061,172.8500061,15.61041164,12
4550,SPX 5/17/24 C4550,283.6999512,284.6999512,0,14.74541569,0,4550,SPX 5/17/24 P4550,179.6999969,181.1000061,181.5,15.39986229,15
4575,SPX 5/17/24 C4575,266.0998535,269.6999512,0,14.53365993,0,4575,SPX 5/17/24 P4575,187.5,188.8999939,0,15.18735313,0
4600,SPX 5/17/24 C4600,251.6999969,252.6999969,0,14.33554173,0,4600,SPX 5/17/24 P4600,195.8000031,197.1999969,0,14.98689747,0
4625,SPX 5/17/24 C4625,235.8000031,238.1000061,236.8899994,14.14692593,4,4625,SPX 5/17/24 P4625,204.1999969,205.8000031,205.2299957,14.77255249,4
4650,SPX 5/17/24 C4650,221.1000061,222.5,0,13.93781567,0,4650,SPX 5/17/24 P4650,213.3999939,214.8000031,0,14.57629681,0
4675,SPX 5/17/24 C4675,206.3000031,208.5,0,13.75042152,0,4675,SPX 5/17/24 P4675,222.6000061,224.3000031,215.6999969,14.36961079,20
4700,SPX 5/17/24 C4700,192.6999969,193.6000061,0,13.54485226,0,4700,SPX 5/17/24 P4700,232.8000031,234.3000031,0,14.18481827,0
4725,SPX 5/17/24 C4725,178.6999969,180.6000061,0,13.35971355,0,4725,SPX 5/17/24 P4725,242.8999939,244.6999969,242,13.9822588,2
4750,SPX 5/17/24 C4750,165.8000031,167.1999969,0,13.16820431,0,4750,SPX 5/17/24 P4750,254.1999969,255.6999969,0,13.81048489,0
21-Jun-24 (294d); CSize 100,,,,,,,,,,,,,
4275,SPX 6/21/24 C4275,507.1999512,512,0,17.23425484,0,4275,SPX 6/21/24 P4275,125.8000031,126.6999969,125.9000092,18.00422668,7
4300,SPX 6/21/24 C4300,489.6999512,491.5998535,488.6899414,17.04472923,93,4300,SPX 6/21/24 P4300,130.8999939,131.5,130.8000031,17.80031395,300
4325,SPX 6/21/24 C4325,469.5,474.0998535,0,16.84734154,0,4325,SPX 6/21/24 P4325,135.8000031,137,0,17.60028458,0
4350,SPX 6/21/24 C4350,452.6000977,454,0,16.65862656,0,4350,SPX 6/21/24 P4350,141.3999939,142,140.9900055,17.39264488,5
4375,SPX 6/21/24 C4375,433.1999512,436.5998535,0,16.46606064,0,4375,SPX 6/21/24 P4375,147,147.6000061,147.2599945,17.18973541,7
4400,SPX 6/21/24 C4400,416.1999512,417.5,424.6201172,16.27709007,2,4400,SPX 6/21/24 P4400,152.6999969,153.3000031,153.6799927,16.98359489,79
4425,SPX 6/21/24 C4425,397.1999512,400.5,0,16.07505989,0,4425,SPX 6/21/24 P4425,158.6000061,159.5,158.5299988,16.78100967,59
4450,SPX 6/21/24 C4450,380.6000977,382,0,15.88678455,0,4450,SPX 6/21/24 P4450,165,165.6000061,164.8000031,16.57588196,31
4475,SPX 6/21/24 C4475,362.1999512,365.5,0,15.68766212,0,4475,SPX 6/21/24 P4475,171.5,172.1000061,172.7299957,16.37090111,224
4500,SPX 6/21/24 C4500,346.1000977,347.3999023,343.6000977,15.49376392,401,4500,SPX 6/21/24 P4500,178.1999969,178.8999939,178.5,16.16533279,661
4525,SPX 6/21/24 C4525,328.2998047,331.3999023,0,15.29441452,0,4525,SPX 6/21/24 P4525,185.1000061,186.1000061,185.8899994,15.9616909,31
4550,SPX 6/21/24 C4550,311.6999512,314.7998047,0,15.095438,0,4550,SPX 6/21/24 P4550,192.6000061,193.3000031,193,15.75917149,14
4575,SPX 6/21/24 C4575,296.5,297.6999512,297.8000488,14.9055109,4,4575,SPX 6/21/24 P4575,199.8000031,201.3000031,199.8500061,15.55384636,17
4600,SPX 6/21/24 C4600,280.8000488,281.5998535,278.1401367,14.71105003,124,4600,SPX 6/21/24 P4600,208.3000031,208.8999939,207.8699951,15.35756683,271
4625,SPX 6/21/24 C4625,265.1999512,266,263.6000977,14.51308537,21,4625,SPX 6/21/24 P4625,216.3999939,217.3999939,217.0399933,15.1554966,17
4650,SPX 6/21/24 C4650,250,250.8000031,248.5,14.32177162,27,4650,SPX 6/21/24 P4650,225.3000031,226,223.2799988,14.9650116,1000
4675,SPX 6/21/24 C4675,234.5,236.6999969,0,14.13162231,0,4675,SPX 6/21/24 P4675,233.8000031,235.3999939,234.3899994,14.76378059,14
4700,SPX 6/21/24 C4700,220.6999969,221.5,221.9299927,13.93611336,320,4700,SPX 6/21/24 P4700,243.8000031,244.5,242.9799957,14.57624149,14
4725,SPX 6/21/24 C4725,206.1000061,208.1999969,0,13.75022411,0,4725,SPX 6/21/24 P4725,253.1000061,254.8000031,255.7400055,14.38053131,6
4750,SPX 6/21/24 C4750,193.1999969,193.8999939,190,13.56122208,2,4750,SPX 6/21/24 P4750,263.7998047,265,267.8500977,14.20092964,128
28-Jun-24 (301d); CSize 100,,,,,,,,,,,,,
4275,SPXW 6/28/24 C4275,512.7998047,519.8999023,0,17.35477257,0,4275,SPXW 6/28/24 P4275,128,130.5,0,18.09462738,0
4300,SPXW 6/28/24 C4300,493.8999023,501,0,17.16609955,0,4300,SPXW 6/28/24 P4300,133,135.5,134.2799988,17.89426613,4
4325,SPXW 6/28/24 C4325,476.3999023,479.5,0,16.91923904,0,4325,SPXW 6/28/24 P4325,138.1000061,140.6999969,0,17.69073105,0
4350,SPXW 6/28/24 C4350,457.8999023,461,0,16.72949028,0,4350,SPXW 6/28/24 P4350,143.3999939,146,139.8999939,17.48362923,1
4375,SPXW 6/28/24 C4375,439.6000977,442.6999512,0,16.53804779,0,4375,SPXW 6/28/24 P4375,149,151.6000061,0,17.28170395,0
4400,SPXW 6/28/24 C4400,421.5,424.5998535,0,16.35002327,0,4400,SPXW 6/28/24 P4400,154.8000031,157.3999939,0,17.08349991,0
4425,SPXW 6/28/24 C4425,403.6000977,406.6999512,0,16.15468788,0,4425,SPXW 6/28/24 P4425,160.6999969,163.3999939,158.0700073,16.87543106,1
4450,SPXW 6/28/24 C4450,386,389,0,15.95980263,0,4450,SPXW 6/28/24 P4450,167,169.6999969,170.6999969,16.67532158,28
4475,SPXW 6/28/24 C4475,368.6000977,371.6000977,0,15.76463604,0,4475,SPXW 6/28/24 P4475,173.3999939,176.1999969,0,16.46908569,0
4500,SPXW 6/28/24 C4500,351.3999023,354.5,0,15.56844711,0,4500,SPXW 6/28/24 P4500,180.1000061,182.8999939,181.1199951,16.26271439,2
4525,SPXW 6/28/24 C4525,334.5,337.5998535,0,15.37056351,0,4525,SPXW 6/28/24 P4525,187.1000061,189.8999939,0,16.05869293,0
4550,SPXW 6/28/24 C4550,318,321,0,15.17661381,0,4550,SPXW 6/28/24 P4550,194.3999939,197.3000031,195.3699951,15.8593874,8
4575,SPXW 6/28/24 C4575,301.6999512,304.7998047,300.1899414,14.98257542,2,4575,SPXW 6/28/24 P4575,202,204.8999939,0,15.65770435,0
4600,SPXW 6/28/24 C4600,285.8000488,288.8000488,290.3000488,14.78773308,20,4600,SPXW 6/28/24 P4600,210,212.8000031,206.6000061,15.45919514,6
4625,SPXW 6/28/24 C4625,270.1999512,273.1999512,0,14.59260845,0,4625,SPXW 6/28/24 P4625,218.1999969,221.1000061,0,15.25814438,0
4650,SPXW 6/28/24 C4650,255,258,0,14.40521908,0,4650,SPXW 6/28/24 P4650,226.8999939,229.8000031,0,15.06988144,0
4675,SPXW 6/28/24 C4675,240.1000061,243.1000061,237.5299988,14.21328259,2,4675,SPXW 6/28/24 P4675,235.8999939,238.8000031,0,14.87749004,0
4700,SPXW 6/28/24 C4700,225.6999969,228.6999969,232.8999939,14.02866268,2,4700,SPXW 6/28/24 P4700,245.3000031,248.3000031,0,14.68988991,0
4725,SPXW 6/28/24 C4725,211.6000061,214.6000061,0,13.83882618,0,4725,SPXW 6/28/24 P4725,255.1000061,258.1000977,0,14.50073624,0
4750,SPXW 6/28/24 C4750,198,201,198.0500031,13.65552711,1,4750,SPXW 6/28/24 P4750,265.3999023,268.3999023,0,14.3188715,0
19-Jul-24 (322d); CSize 100,,,,,,,,,,,,,
4275,SPX 7/19/24 C4275,529.4001465,534.7998047,0,17.43944359,0,4275,SPX 7/19/24 P4275,134.6999969,136.1999969,0,18.18514252,0
4300,SPX 7/19/24 C4300,510.6999512,516.0998535,0,17.26243973,0,4300,SPX 7/19/24 P4300,140.1999969,141.3000031,141,18.00874138,6
4325,SPX 7/19/24 C4325,492.3999023,496.7998047,0,17.06450462,0,4325,SPX 7/19/24 P4325,144.8999939,146.5,146.3999939,17.79452133,1
4350,SPX 7/19/24 C4350,474,478.3999023,0,16.88008881,0,4350,SPX 7/19/24 P4350,151,151.8999939,0,17.62222862,0
4375,SPX 7/19/24 C4375,455.7998047,460.1999512,0,16.6939888,0,4375,SPX 7/19/24 P4375,155.8999939,157.5,0,17.40137291,0
4400,SPX 7/19/24 C4400,437.7998047,442.0998535,0,16.50875092,0,4400,SPX 7/19/24 P4400,162.3000031,163.1999969,0,17.2197113,0
4425,SPX 7/19/24 C4425,420,424.2998047,0,16.32037354,0,4425,SPX 7/19/24 P4425,167.8000031,169.3999939,0,17.01589203,0
4450,SPX 7/19/24 C4450,402.3999023,406.6999512,0,16.12995529,0,4450,SPX 7/19/24 P4450,174.6000061,175.3999939,0,16.82849503,0
4475,SPX 7/19/24 C4475,385.0998535,389.2998047,393,15.94011497,2,4475,SPX 7/19/24 P4475,180.5,182.1999969,0,16.62308693,0
4500,SPX 7/19/24 C4500,369.6999512,370.7998047,368.1799316,15.75961304,100,4500,SPX 7/19/24 P4500,187.6999969,188.6000061,188.4700012,16.43101692,102
4525,SPX 7/19/24 C4525,351.1999512,355.2998047,0,15.55954742,0,4525,SPX 7/19/24 P4525,194.3999939,195.8000031,0,16.23263359,0
4550,SPX 7/19/24 C4550,334.5998535,338.6999512,0,15.36753273,0,4550,SPX 7/19/24 P4550,201.8000031,202.8000031,204,16.03364372,1
4575,SPX 7/19/24 C4575,319.6000977,321.2998047,0,15.18263912,0,4575,SPX 7/19/24 P4575,208.6999969,210.5,0,15.82434082,0
4600,SPX 7/19/24 C4600,303.8999023,305,315.3500977,14.99196815,120,4600,SPX 7/19/24 P4600,216.8999939,218.3000031,220.1000061,15.64041519,4
4625,SPX 7/19/24 C4625,286.6999512,290.5,0,14.79406929,0,4625,SPX 7/19/24 P4625,224.5,226.3999939,0,15.43170071,0
4650,SPX 7/19/24 C4650,272.8000488,273.8000488,0,14.60600471,0,4650,SPX 7/19/24 P4650,233.3999939,234.8999939,0,15.25288105,0
4675,SPX 7/19/24 C4675,257.1000977,259.6999512,0,14.42553425,0,4675,SPX 7/19/24 P4675,241.6999969,243.6999969,0,15.04429722,0
4700,SPX 7/19/24 C4700,243.1000061,244.1000061,239.1699982,14.22963524,6,4700,SPX 7/19/24 P4700,251.5,252.5,0,14.86421299,0
4725,SPX 7/19/24 C4725,228.1999969,230.8000031,0,14.05341434,0,4725,SPX 7/19/24 P4725,260.3999023,262.5,0,14.67691612,0
4750,SPX 7/19/24 C4750,214.6999969,216.3000031,0,13.86125183,0,4750,SPX 7/19/24 P4750,270.6999512,272.3000488,0,14.49859619,0
16-Aug-24 (350d); CSize 100,16-Aug-24 (350d); CSize 100,,,,,,,,,,,,
4275,SPX 8/16/24 C4275,551,556.3999023,0,17.65841675,0,4275,SPX 8/16/24 P4275,145.3000031,146.1000061,147.8999939,18.43634796,32
4300,SPX 8/16/24 C4300,532.3999023,537.7998047,0,17.48226547,0,4300,SPX 8/16/24 P4300,150.3999939,151.1999969,153.3000031,18.2465477,12
4325,SPX 8/16/24 C4325,514.6999512,518.6999512,0,17.30703163,0,4325,SPX 8/16/24 P4325,155.1000061,156.8000031,157.4700012,18.04835892,4
4350,SPX 8/16/24 C4350,496.5,500.3999023,0,17.12890625,0,4350,SPX 8/16/24 P4350,161.1999969,161.8999939,0,17.86786842,0
4375,SPX 8/16/24 C4375,478.3999023,482.2998047,0,16.94624901,0,4375,SPX 8/16/24 P4375,166.3000031,168.1000061,0,17.6780777,0
4400,SPX 8/16/24 C4400,461.8000488,463.5,0,16.77616692,0,4400,SPX 8/16/24 P4400,172.6000061,173.3999939,0,17.48378563,0
4425,SPX 8/16/24 C4425,442.7998047,446.6999512,0,16.58512497,0,4425,SPX 8/16/24 P4425,178.1000061,180,0,17.29796982,0
4450,SPX 8/16/24 C4450,426.6000977,428.2998047,0,16.41322517,0,4450,SPX 8/16/24 P4450,184.8999939,185.6000061,0,17.10365295,0
4475,SPX 8/16/24 C4475,408.0998535,411.8999023,0,16.21806908,0,4475,SPX 8/16/24 P4475,191.1000061,192.3000031,193.3899994,16.91159248,2
4500,SPX 8/16/24 C4500,392.3000488,393.8999023,388.6000977,16.04230881,6,4500,SPX 8/16/24 P4500,198,198.8000031,198.6999969,16.72116852,120
4525,SPX 8/16/24 C4525,374.2998047,378,0,15.84884167,0,4525,SPX 8/16/24 P4525,204.6999969,205.8999939,201.3999939,16.5288105,2
4550,SPX 8/16/24 C4550,357.6999512,361.3999023,0,15.66133881,0,4550,SPX 8/16/24 P4550,212,212.8000031,0,16.33404922,0
4575,SPX 8/16/24 C4575,342.6000977,344.1999512,0,15.48488331,0,4575,SPX 8/16/24 P4575,219.1999969,220.3999939,0,16.14224815,0
4600,SPX 8/16/24 C4600,326.8000488,327.7998047,326.8999023,15.2954092,20,4600,SPX 8/16/24 P4600,226.8000031,228.1000061,0,15.949893,0
4625,SPX 8/16/24 C4625,310.8000488,312.2998047,0,15.10996628,0,4625,SPX 8/16/24 P4625,234.1999969,236.1999969,0,15.74782753,0
4650,SPX 8/16/24 C4650,295.6000977,296.5998535,0,14.92417717,0,4650,SPX 8/16/24 P4650,243,244.3000031,0,15.57014942,0
4675,SPX 8/16/24 C4675,280.1999512,281.6999512,0,14.7413969,0,4675,SPX 8/16/24 P4675,251,253.1000061,0,15.37093353,0
4700,SPX 8/16/24 C4700,265.6999512,266.5998535,0,14.55922222,0,4700,SPX 8/16/24 P4700,260.3999023,261.8000488,0,15.19479465,0
4725,SPX 8/16/24 C4725,250.1999969,253.1000061,0,14.37462807,0,4725,SPX 8/16/24 P4725,269.1000977,271.3999023,0,15.00520992,0
4750,SPX 8/16/24 C4750,236.8999939,238.3000031,0,14.19586658,0,4750,SPX 8/16/24 P4750,279.2998047,280.6999512,0,14.83544159,0
20-Sep-24 (385d); CSize 100,20-Sep-24 (385d); CSize 100,,,,,,,,,,,,
4275,SPX 9/20/24 C4275,575.1000977,581.0998535,0,17.82545853,0,4275,SPX 9/20/24 P4275,156.3000031,157.5,0,18.64093971,0
4300,SPX 9/20/24 C4300,556.6999512,562.6999512,560.4099121,17.65719032,2,4300,SPX 9/20/24 P4300,161.6999969,162.5,0,18.46006203,0
4325,SPX 9/20/24 C4325,539.5,543.8999023,0,17.50317383,0,4325,SPX 9/20/24 P4325,166.8000031,168.1000061,168.9799957,18.27810097,896
4350,SPX 9/20/24 C4350,521.5,525.7998047,0,17.33408737,0,4350,SPX 9/20/24 P4350,172.6000061,173.3999939,173.8500061,18.09786415,47
4375,SPX 9/20/24 C4375,503.5998535,507.8999023,0,17.16196251,0,4375,SPX 9/20/24 P4375,178,179.3999939,179.5500031,17.91585541,100
4400,SPX 9/20/24 C4400,487.3000488,489.0998535,0,16.9987011,0,4400,SPX 9/20/24 P4400,184.1000061,185,186.1399994,17.7307663,39
4425,SPX 9/20/24 C4425,468.2998047,472.5998535,0,16.81650925,0,4425,SPX 9/20/24 P4425,189.8999939,191.3000031,0,17.54603004,0
4450,SPX 9/20/24 C4450,451,455.1999512,0,16.64141273,0,4450,SPX 9/20/24 P4450,196.3999939,197.3000031,0,17.36694336,0
4475,SPX 9/20/24 C4475,433.8999023,438.0998535,0,16.46870422,0,4475,SPX 9/20/24 P4475,202.6000061,204,0,17.1829071,0
4500,SPX 9/20/24 C4500,418.6000977,419.6999512,415.0800781,16.29785728,457,4500,SPX 9/20/24 P4500,209.5,210.3999939,209.6999969,16.99852562,475
4525,SPX 9/20/24 C4525,400.2998047,404.3999023,0,16.11687279,0,4525,SPX 9/20/24 P4525,216.1999969,217.6000061,212.5,16.81906128,751
4550,SPX 9/20/24 C4550,383.7998047,387.7998047,0,15.93695736,0,4550,SPX 9/20/24 P4550,223.5,224.3999939,221.3000031,16.63262367,1
4575,SPX 9/20/24 C4575,367.5,371.5998535,0,15.76040554,0,4575,SPX 9/20/24 P4575,230.6000061,232,0,16.45015335,0
4600,SPX 9/20/24 C4600,353.1000977,354.1999512,351,15.5894146,10,4600,SPX 9/20/24 P4600,238.3999939,239.3000031,241.0200043,16.26554298,79
4625,SPX 9/20/24 C4625,337.1000977,338.6999512,0,15.4123497,0,4625,SPX 9/20/24 P4625,246,247.3999939,0,16.08390236,0
4650,SPX 9/20/24 C4650,321.8999023,322.8999023,325,15.23222065,300,4650,SPX 9/20/24 P4650,254.3000031,255.3000031,250.1999969,15.90106201,301
4675,SPX 9/20/24 C4675,306.3999023,308.1000977,0,15.06184864,0,4675,SPX 9/20/24 P4675,262.5,264,0,15.72338104,0
4700,SPX 9/20/24 C4700,291.8000488,292.8000488,0,14.87998295,0,4700,SPX 9/20/24 P4700,271.3999023,272.3999023,0,15.54362297,0
4725,SPX 9/20/24 C4725,277,278.6000977,0,14.71021652,0,4725,SPX 9/20/24 P4725,280.1999512,281.6999512,0,15.36894131,0
4750,SPX 9/20/24 C4750,263,264,271.1000977,14.53378773,3,4750,SPX 9/20/24 P4750,289.7998047,290.8000488,287.6499023,15.1948185,3
20-Dec-24 (476d); CSize 100,20-Dec-24 (476d); CSize 100,,,,,,,,,,,,
3850,SPX 12/20/24 C3850,959.8000488,967.3999023,0,20.76647186,0,3850,SPX 12/20/24 P3850,111.3999939,112.1999969,0,21.94165993,0
3900,SPX 12/20/24 C3900,920.1999512,927.6999512,0,20.48737144,0,3900,SPX 12/20/24 P3900,118.3000031,119.1000061,0,21.60999489,0
3950,SPX 12/20/24 C3950,880.9001465,888.2998047,0,20.199049,0,3950,SPX 12/20/24 P3950,125.5999908,126.3999939,0,21.28028107,0
4000,SPX 12/20/24 C4000,842.1000977,849.3999023,841.1401367,19.91688728,3,4000,SPX 12/20/24 P4000,133.3999939,134.1999969,134.0800018,20.95876694,3
4050,SPX 12/20/24 C4050,803.6999512,811,799.3000488,19.62846756,2,4050,SPX 12/20/24 P4050,141.5,142.3999939,0,20.62800407,0
4100,SPX 12/20/24 C4100,765.6999512,773,767,19.33854866,3,4100,SPX 12/20/24 P4100,150.1999969,151.1000061,151.3000031,20.30853462,100
4150,SPX 12/20/24 C4150,728.3000488,735.5,731.130127,19.05078506,2,4150,SPX 12/20/24 P4150,159.3000031,160.1999969,159.3000031,19.98386574,33
4200,SPX 12/20/24 C4200,691.3000488,698.5,0,18.75710678,0,4200,SPX 12/20/24 P4200,169,169.8999939,171,19.66520309,75
4250,SPX 12/20/24 C4250,654.9001465,662.0998535,0,18.46536446,0,4250,SPX 12/20/24 P4250,179.1000061,180,180.6000061,19.33860207,17
4300,SPX 12/20/24 C4300,619,626.1999512,0,18.1677742,0,4300,SPX 12/20/24 P4300,189.6999969,190.6000061,190.4400024,19.00884438,122
4400,SPX 12/20/24 C4400,551.9001465,553.2998047,551.7199707,17.56571388,2048,4400,SPX 12/20/24 P4400,212.8999939,213.8999939,214.8000031,18.36404419,67
4500,SPX 12/20/24 C4500,484.3999023,485.6999512,484.1401367,16.94804955,4955,4500,SPX 12/20/24 P4500,238.6000061,239.6999969,242.6999969,17.7136898,926
4600,SPX 12/20/24 C4600,419.8999023,421.1999512,419.6599121,16.32684898,2003,4600,SPX 12/20/24 P4600,267.3999023,268.3999023,269.6999512,17.06496048,1
4700,SPX 12/20/24 C4700,358.8000488,360,0,15.70261765,0,4700,SPX 12/20/24 P4700,299.5,300.6000977,301.1000977,16.42428207,12
4800,SPX 12/20/24 C4800,301.8000488,303,300.3999023,15.09569836,83,4800,SPX 12/20/24 P4800,335.6999512,336.8000488,338.5,15.80463791,72
4900,SPX 12/20/24 C4900,249.5,250.6000061,245.6699982,14.51084805,4,4900,SPX 12/20/24 P4900,376.5998535,377.8000488,0,15.22182178,0
5000,SPX 12/20/24 C5000,202.6000061,203.6000061,197.6000061,13.96565437,99,5000,SPX 12/20/24 P5000,422.8999023,424.1999512,426.5,14.69126606,20
5100,SPX 12/20/24 C5100,161.3999939,162.3999939,156.8000031,13.46641827,7,5100,SPX 12/20/24 P5100,473.1999512,478.1999512,479.1999512,14.22313118,6
5150,SPX 12/20/24 C5150,143,144.1000061,139.8200073,13.23690701,13,5150,SPX 12/20/24 P5150,501.3999023,506.5998535,510.3999023,14.01419258,6
5200,SPX 12/20/24 C5200,126.3000031,127.3000031,124.5299988,13.026721,3,5200,SPX 12/20/24 P5200,531.1999512,536.5,0,13.82655048,0
20-Jun-25 (658d); CSize 100,20-Jun-25 (658d); CSize 100,,,,,,,,,,,,
4050,SPX 6/20/25 C4050,889.6999512,923.1000977,0,20.00716209,0,4050,SPX 6/20/25 P4050,177.6999969,187.6000061,0,20.965662,0
4100,SPX 6/20/25 C4100,853.9001465,887.1999512,0,19.77798271,0,4100,SPX 6/20/25 P4100,187.3000031,197.3999939,0,20.70475578,0
4150,SPX 6/20/25 C4150,818.5,851.8000488,821.3300781,19.5480442,1,4150,SPX 6/20/25 P4150,197.5,207.6000061,0,20.44782639,0
4200,SPX 6/20/25 C4200,783.5,816.8000488,0,19.31395149,0,4200,SPX 6/20/25 P4200,207.8999939,218.1999969,210.5,20.18344879,1
4250,SPX 6/20/25 C4250,748.9001465,782.1999512,0,19.07516479,0,4250,SPX 6/20/25 P4250,218.8000031,229.1999969,221.3999939,19.91894531,8
4300,SPX 6/20/25 C4300,714.6000977,747.9001465,728.6401367,18.82616425,1,4300,SPX 6/20/25 P4300,230.1000061,240.6999969,234.8699951,19.6534729,4
4350,SPX 6/20/25 C4350,681,710.5,0,18.49385834,0,4350,SPX 6/20/25 P4350,241.8999939,252.6999969,0,19.38862228,0
4400,SPX 6/20/25 C4400,647.8000488,677.3000488,0,18.24908447,0,4400,SPX 6/20/25 P4400,254.1999969,265.1000977,258.5,19.12108612,24
4450,SPX 6/20/25 C4450,615.1000977,644.4001465,0,17.99553871,0,4450,SPX 6/20/25 P4450,267,278,271.3999023,18.85181808,6
4500,SPX 6/20/25 C4500,582.9001465,612.1000977,590.880127,17.74508095,129,4500,SPX 6/20/25 P4500,280.3000488,291.5,285.1999512,18.58614349,34
4550,SPX 6/20/25 C4550,551.4001465,570.1999512,0,17.26408005,0,4550,SPX 6/20/25 P4550,294.1999512,305.5,298.8999023,18.31558418,10
4600,SPX 6/20/25 C4600,520.4001465,539.1000977,0,17.01251602,0,4600,SPX 6/20/25 P4600,308.6999512,320.1999512,313.6000977,18.04828453,10
4650,SPX 6/20/25 C4650,490.1000977,508.6999512,0,16.76296806,0,4650,SPX 6/20/25 P4650,323.8999023,335.5,328.8999023,17.78219986,6
4700,SPX 6/20/25 C4700,460.5,479,0,16.51410866,0,4700,SPX 6/20/25 P4700,339.6999512,351.6000977,0,17.52015495,0
4750,SPX 6/20/25 C4750,431.5998535,450,0,16.26469612,0,4750,SPX 6/20/25 P4750,356.1999512,368.3000488,0,17.25683212,0
4800,SPX 6/20/25 C4800,409.3000488,420,0,16.10168457,0,4800,SPX 6/20/25 P4800,373.5,385.8999023,0,17.00013542,0
4850,SPX 6/20/25 C4850,381.8000488,392.5,0,15.84908104,0,4850,SPX 6/20/25 P4850,391.6000977,404.1999512,0,16.74464226,0
4900,SPX 6/20/25 C4900,355.3000488,366,0,15.60504913,0,4900,SPX 6/20/25 P4900,410.6999512,423.5,0,16.49964523,0
4950,SPX 6/20/25 C4950,329.8999023,340.5,0,15.37042618,0,4950,SPX 6/20/25 P4950,430.8000488,443.6000977,0,16.25990677,0
5000,SPX 6/20/25 C5000,305.3999023,316,316,15.14075565,150,5000,SPX 6/20/25 P5000,451.8999023,464.6000977,452.6000977,16.02652931,150
19-Dec-25 (840d); CSize 100,19-Dec-25 (840d); CSize 100,,,,,,,,,,,,
3600,SPX 12/19/25 C3600,1297.5,1331.900146,0,21.68779564,0,3600,SPX 12/19/25 P3600,133.3999939,140.8999939,0,23.14246559,0
3700,SPX 12/19/25 C3700,1222.600098,1257.100098,0,21.30861092,0,3700,SPX 12/19/25 P3700,147.8999939,158.3999939,152.7599945,22.75203323,50
3800,SPX 12/19/25 C3800,1149.100098,1183.600098,0,20.93066025,0,3800,SPX 12/19/25 P3800,163.6000061,174.3000031,0,22.27551079,0
3900,SPX 12/19/25 C3900,1076.900146,1111.399902,0,20.54655838,0,3900,SPX 12/19/25 P3900,180.6999969,191.3999939,0,21.80461311,0
4000,SPX 12/19/25 C4000,1006.100098,1040.699951,0,20.15846825,0,4000,SPX 12/19/25 P4000,199.3000031,210.1000061,0,21.34489059,0
4100,SPX 12/19/25 C4100,936.9001465,971.5,955.1501465,19.7733345,1,4100,SPX 12/19/25 P4100,219.3000031,234.1999969,224.5,20.98634911,200
4200,SPX 12/19/25 C4200,869.3000488,903.9001465,876.1999512,19.38438797,1,4200,SPX 12/19/25 P4200,241,255.8000031,247.3999939,20.53120232,5
4300,SPX 12/19/25 C4300,803.4001465,838,0,18.99262047,0,4300,SPX 12/19/25 P4300,264.3000488,279.1999512,271,20.08128929,1
4400,SPX 12/19/25 C4400,738.8000488,773.6000977,0,18.58132935,0,4400,SPX 12/19/25 P4400,289,304,296,19.61931229,1
4500,SPX 12/19/25 C4500,676.1000977,710.9001465,690.8601074,18.16238403,202,4500,SPX 12/19/25 P4500,315.6000977,330.6000977,322.8000488,19.15836143,4
4600,SPX 12/19/25 C4600,615.4001465,643.6999512,0,17.61780357,0,4600,SPX 12/19/25 P4600,344,359,0,18.69908333,0
4700,SPX 12/19/25 C4700,556.6000977,584.8000488,0,17.19080734,0,4700,SPX 12/19/25 P4700,374.3999023,390.5,0,18.25811005,0
4800,SPX 12/19/25 C4800,500.1999512,528.1000977,0,16.76464462,0,4800,SPX 12/19/25 P4800,407.1000977,423.1999512,0,17.8027916,0
4900,SPX 12/19/25 C4900,452.8999023,471.6999512,455.6699219,16.42290878,15,4900,SPX 12/19/25 P4900,442.3999023,458.5,448.8000488,17.36008453,15
5000,SPX 12/19/25 C5000,401.6000977,420.3000488,0,16.00282669,0,5000,SPX 12/19/25 P5000,480.3999023,496.5,0,16.9282093,0
5100,SPX 12/19/25 C5100,353.3000488,371.8999023,0,15.59359837,0,5100,SPX 12/19/25 P5100,521.4001465,539.6999512,0,16.55391312,0
5200,SPX 12/19/25 C5200,308.3000488,326.8999023,314.0800781,15.20344448,100,5200,SPX 12/19/25 P5200,565.8000488,584.1000977,0,16.16703415,0
5300,SPX 12/19/25 C5300,266.8999023,282.3000488,0,14.77788925,0,5300,SPX 12/19/25 P5300,613.6999512,632,619,15.80873489,5
5400,SPX 12/19/25 C5400,229.1999969,244.5,0,14.43514347,0,5400,SPX 12/19/25 P5400,658.1999512,685,0,15.3766098,0
5500,SPX 12/19/25 C5500,195.1999969,210.3999939,196.7400055,14.11762047,2,5500,SPX 12/19/25 P5500,713.1999512,740,0,15.07309532,0
18-Dec-26 (1204d); CSize 100,18-Dec-26 (1204d); CSize 100,,,,,,,,,,,,
3600,SPX 12/18/26 C3600,1368.5,1450.300049,0,19.51167297,0,3600,SPX 12/18/26 P3600,161.1000061,186.6000061,0,22.71349144,0
3700,SPX 12/18/26 C3700,1299.400146,1381.199951,0,19.37142563,0,3700,SPX 12/18/26 P3700,178,203.6000061,0,22.36428261,0
3800,SPX 12/18/26 C3800,1231.400146,1307.600098,0,19.06110764,0,3800,SPX 12/18/26 P3800,196.1000061,221.8999939,0,22.02330399,0
3900,SPX 12/18/26 C3900,1164.699951,1241,0,18.89394379,0,3900,SPX 12/18/26 P3900,215.3999939,241.3000031,0,21.68424797,0
4000,SPX 12/18/26 C4000,1099.400146,1173,0,18.64751625,0,4000,SPX 12/18/26 P4000,253.8000031,262.1000977,0,21.73064232,0
4100,SPX 12/18/26 C4100,1035.100098,1111.300049,1086.800049,18.4968853,2,4100,SPX 12/18/26 P4100,257.8000488,283.8000488,0,21.00920296,0
4200,SPX 12/18/26 C4200,972.1999512,1048.400146,1029.650146,18.27650452,4,4200,SPX 12/18/26 P4200,275.8999023,307,0,20.57558823,0
4300,SPX 12/18/26 C4300,920.6000977,986.6999512,0,18.23350334,0,4300,SPX 12/18/26 P4300,300.3000488,331.3999023,0,20.24136925,0
4400,SPX 12/18/26 C4400,860.3000488,926.4001465,0,17.97511864,0,4400,SPX 12/18/26 P4400,326,357.1999512,0,19.90593719,0
4500,SPX 12/18/26 C4500,813.5,867.5,0,17.92141724,0,4500,SPX 12/18/26 P4500,353.1000977,384.3000488,0,19.5686245,0
4600,SPX 12/18/26 C4600,755.6000977,809.8000488,0,17.62556648,0,4600,SPX 12/18/26 P4600,381.5,412.6999512,0,19.22160149,0
4700,SPX 12/18/26 C4700,699.1999512,753.6000977,0,17.31886292,0,4700,SPX 12/18/26 P4700,411.3999023,442.6000977,0,18.87622643,0
4800,SPX 12/18/26 C4800,644.3000488,699,0,17.0056591,0,4800,SPX 12/18/26 P4800,442.8999023,474.1000977,0,18.5323391,0
4900,SPX 12/18/26 C4900,591.1999512,646,0,16.68839264,0,4900,SPX 12/18/26 P4900,471.1000977,507.3000488,0,18.10972404,0
5000,SPX 12/18/26 C5000,572.1999512,594.9001465,0,16.88070869,0,5000,SPX 12/18/26 P5000,506,542.3000488,0,17.76980782,0
5100,SPX 12/18/26 C5100,507.3999023,539.4001465,0,16.21385574,0,5100,SPX 12/18/26 P5100,542.9001465,579.1999512,0,17.43470764,0
5200,SPX 12/18/26 C5200,460.3000488,492.3000488,0,15.89610672,0,5200,SPX 12/18/26 P5200,581.9001465,618.1999512,0,17.10712051,0
5300,SPX 12/18/26 C5300,415.3999023,447.3999023,0,15.58186722,0,5300,SPX 12/18/26 P5300,623.1000977,659.5,0,16.78992844,0
5400,SPX 12/18/26 C5400,372.8999023,404.8999023,0,15.27545071,0,5400,SPX 12/18/26 P5400,666.6000977,703.1000977,0,16.48315811,0
5500,SPX 12/18/26 C5500,332.8999023,364.8000488,0,14.97672272,0,5500,SPX 12/18/26 P5500,712.6000977,749.1000977,0,16.18850327,0
17-Dec-27 (1568d); CSize 100,17-Dec-27 (1568d); CSize 100,,,,,,,,,,,,
3300,SPX 12/17/27 C3300,1660.5,1760,0,19.38955688,0,3300,SPX 12/17/27 P3300,156,178.1999969,0,24.06701851,0
3400,SPX 12/17/27 C3400,1593,1692.600098,0,19.39597893,0,3400,SPX 12/17/27 P3400,166.3999939,193.6999969,0,23.61215019,0
3500,SPX 12/17/27 C3500,1526.600098,1626.199951,1596.77002,19.37180519,1,3500,SPX 12/17/27 P3500,182.8000031,210.1999969,202.4100037,23.30433273,1
3600,SPX 12/17/27 C3600,1461.199951,1560.900146,0,19.3177948,0,3600,SPX 12/17/27 P3600,200.3000031,227.8000031,0,23.00598145,0
3700,SPX 12/17/27 C3700,1396.800049,1496.800049,0,19.24069214,0,3700,SPX 12/17/27 P3700,218.8000031,246.5,0,22.71285057,0
3800,SPX 12/17/27 C3800,1333.600098,1433.699951,0,19.14331436,0,3800,SPX 12/17/27 P3800,238.3999939,266.3000488,0,22.42597771,0
3900,SPX 12/17/27 C3900,1271.5,1371.5,0,19.0258007,0,3900,SPX 12/17/27 P3900,259.1000977,287,0,22.13649178,0
4000,SPX 12/17/27 C4000,1210.400146,1310.400146,1278.25,18.88465881,1,4000,SPX 12/17/27 P4000,275.8000488,308.8000488,298.6699219,21.75601578,1
4100,SPX 12/17/27 C4100,1170.400146,1250.400146,0,19.1157093,0,4100,SPX 12/17/27 P4100,310,331.6999512,0,21.68611908,0
4200,SPX 12/17/27 C4200,1111.5,1191.5,0,18.93344879,0,4200,SPX 12/17/27 P4200,322.6000977,355.6999512,0,21.19885445,0
4300,SPX 12/17/27 C4300,1053.800049,1133.699951,0,18.74201202,0,4300,SPX 12/17/27 P4300,347.6000977,380.6999512,0,20.91639137,0
4400,SPX 12/17/27 C4400,997.1000977,1077,0,18.53824806,0,4400,SPX 12/17/27 P4400,373.6999512,406.8999023,0,20.63646698,0
4500,SPX 12/17/27 C4500,942.1999512,1021.300049,993.6599121,18.33598709,1,4500,SPX 12/17/27 P4500,400.8999023,434.1000977,429.0500488,20.35212517,1
4600,SPX 12/17/27 C4600,887.5,966.8000488,0,18.10529709,0,4600,SPX 12/17/27 P4600,429.1999512,462.5,0,20.06688309,0
4800,SPX 12/17/27 C4800,781.6000977,861.1000977,0,17.62251854,0,4800,SPX 12/17/27 P4800,484.3999023,522.6000977,0,19.41735458,0
5000,SPX 12/17/27 C5000,681.1999512,760.5,731.380127,17.1253891,1,5000,SPX 12/17/27 P5000,549.5,587.8000488,581.5500488,18.84207535,1
5200,SPX 12/17/27 C5200,617.6000977,656.9001465,0,16.92878151,0,5200,SPX 12/17/27 P5200,620.1999512,658.6999512,0,18.27750587,0
5400,SPX 12/17/27 C5400,528.6999512,568.1000977,0,16.40253639,0,5400,SPX 12/17/27 P5400,697.1000977,735.6000977,0,17.72401428,0
5600,SPX 12/17/27 C5600,446.6000977,486,0,15.88407707,0,5600,SPX 12/17/27 P5600,780.6999512,819.4001465,0,17.19550705,0
5800,SPX 12/17/27 C5800,372,411.3999023,0,15.38810349,0,5800,SPX 12/17/27 P5800,871.9001465,910.6000977,0,16.7070713,0
15-Dec-28 (1932d); CSize 100,15-Dec-28 (1932d); CSize 100,,,,,,,,,,,,
3500,SPX 12/15/28 C3500,1613.100098,1767.199951,0,20.54385567,0,3500,SPX 12/15/28 P3500,202.6000061,256.8000488,0,23.5943718,0
3600,SPX 12/15/28 C3600,1552.300049,1706.400146,0,20.46006012,0,3600,SPX 12/15/28 P3600,221.6000061,275.6999512,0,23.34387207,0
3700,SPX 12/15/28 C3700,1492.5,1646.699951,0,20.36548996,0,3700,SPX 12/15/28 P3700,241.5,295.6999512,0,23.09989929,0
3800,SPX 12/15/28 C3800,1433.600098,1587.800049,0,20.25405121,0,3800,SPX 12/15/28 P3800,262.3999023,316.6000977,0,22.85536766,0
3900,SPX 12/15/28 C3900,1395.699951,1530,0,20.51233673,0,3900,SPX 12/15/28 P3900,284.1999512,338.3999023,0,22.61452103,0
4000,SPX 12/15/28 C4000,1338.800049,1473.100098,0,20.36540794,0,4000,SPX 12/15/28 P4000,307,361.1999512,0,22.37625122,0
4100,SPX 12/15/28 C4100,1282.800049,1417.100098,0,20.20805359,0,4100,SPX 12/15/28 P4100,330.6999512,384.8999023,0,22.13686562,0
4200,SPX 12/15/28 C4200,1227.699951,1412.100098,0,20.87401581,0,4200,SPX 12/15/28 P4200,355.3000488,409.6000977,0,21.89795494,0
4300,SPX 12/15/28 C4300,1173.5,1357.900146,1283.380127,20.67211342,1,4300,SPX 12/15/28 P4300,380.8999023,435.1000977,405.1599121,21.6575985,1
4400,SPX 12/15/28 C4400,1120.199951,1304.699951,0,20.46469688,0,4400,SPX 12/15/28 P4400,407.3999023,461.6000977,0,21.41713333,0
4500,SPX 12/15/28 C4500,1087.900146,1252.400146,0,20.55516243,0,4500,SPX 12/15/28 P4500,434.6999512,489,0,21.17318916,0
4600,SPX 12/15/28 C4600,1036.5,1201.100098,0,20.33260345,0,4600,SPX 12/15/28 P4600,463,517.3000488,0,20.92857933,0
4700,SPX 12/15/28 C4700,986,1150.600098,1079.189941,20.10431099,1,4700,SPX 12/15/28 P4700,492.1999512,546.5,518.9699707,20.68151665,1
4800,SPX 12/15/28 C4800,936.5,1101,0,19.87309456,0,4800,SPX 12/15/28 P4800,522.3000488,576.5,0,20.43036842,0
4900,SPX 12/15/28 C4900,887.9001465,1002.699951,0,18.95980453,0,4900,SPX 12/15/28 P4900,557.6000977,627.9001465,0,20.51698112,0
5000,SPX 12/15/28 C5000,840.4001465,955.1999512,0,18.73719215,0,5000,SPX 12/15/28 P5000,589.8000488,660.1000977,0,20.26415443,0
5100,SPX 12/15/28 C5100,794,908.8000488,0,18.51745224,0,5100,SPX 12/15/28 P5100,623,693.3000488,0,20.00762558,0
5200,SPX 12/15/28 C5200,748.6000977,863.5,0,18.28872871,0,5200,SPX 12/15/28 P5200,657.3000488,727.6999512,0,19.75636292,0
5300,SPX 12/15/28 C5300,704.4001465,819.3000488,0,18.06347656,0,5300,SPX 12/15/28 P5300,692.8000488,763.1000977,0,19.50636482,0
5400,SPX 12/15/28 C5400,641.3000488,756.4001465,0,17.33470154,0,5400,SPX 12/15/28 P5400,729.5,799.8000488,0,19.26097679,0
15-Sep-23 (14d); CSize 100,15-Sep-23 (14d); CSize 100,,,,,,,,,,,,
4470,SPX 9/15/23 C4470,66.69999695,67.69999695,68.38000488,10.66559696,16,4470,SPX 9/15/23 P4470,16,16.3999939,16.52000427,10.90190697,82
4475,SPX 9/15/23 C4475,62.90000916,63.90000916,61.44999695,10.57047272,18,4475,SPX 9/15/23 P4475,17.19999695,17.6000061,17.5,10.80383682,4090
4480,SPX 9/15/23 C4480,59.1000061,60.19999695,53.16999817,10.46406746,6,4480,SPX 9/15/23 P4480,18.3999939,18.8999939,18.8999939,10.69503307,400
4485,SPX 9/15/23 C4485,55.5,56.6000061,0,10.38076305,0,4485,SPX 9/15/23 P4485,19.69999695,20.30000305,23.1000061,10.59275341,18
4490,SPX 9/15/23 C4490,52,53,52.11999512,10.27976036,11,4490,SPX 9/15/23 P4490,21.19999695,21.69999695,22.19999695,10.49119949,338
4495,SPX 9/15/23 C4495,48.59999084,49.59999084,48.66999817,10.19769764,6,4495,SPX 9/15/23 P4495,22.69999695,23.30000305,23.80000305,10.39297295,36
4500,SPX 9/15/23 C4500,45.30000305,46.30000305,45.80000305,10.11525822,7161,4500,SPX 9/15/23 P4500,24.3999939,25,24.5,10.31070042,9031
4505,SPX 9/15/23 C4505,42.1000061,43,40.90000916,10.01605797,3,4505,SPX 9/15/23 P4505,26.19999695,26.80000305,26.5,10.2272377,31
4510,SPX 9/15/23 C4510,39,40,37.68000793,9.946471214,2744,4510,SPX 9/15/23 P4510,28.1000061,28.69999695,28.5,10.14368534,2780
4515,SPX 9/15/23 C4515,36.1000061,37,37,9.867279053,6423,4515,SPX 9/15/23 P4515,30.1000061,30.80000305,29.97999573,10.06646442,6472
4520,SPX 9/15/23 C4520,33.3999939,34.09999084,33.86999512,9.802145958,5719,4520,SPX 9/15/23 P4520,32.19999695,33,33,9.988976479,5635
4525,SPX 9/15/23 C4525,30.69999695,31.30000305,31,9.715190887,2658,4525,SPX 9/15/23 P4525,34.3999939,35.30000305,35,9.905225754,3760
4530,SPX 9/15/23 C4530,28.1000061,28.80000305,28.58000183,9.650564194,2017,4530,SPX 9/15/23 P4530,36.90000916,37.80000305,37.30000305,9.859426498,2245
4535,SPX 9/15/23 C4535,25.69999695,26.30000305,32,9.583220482,2367,4535,SPX 9/15/23 P4535,39.40000916,40.40000916,41,9.796779633,2216
4540,SPX 9/15/23 C4540,23.3999939,24,23.83999634,9.518288612,1200,4540,SPX 9/15/23 P4540,42.1000061,43.1000061,46.40000916,9.737435341,1196
4545,SPX 9/15/23 C4545,21.30000305,21.8999939,19.8500061,9.477297783,470,4545,SPX 9/15/23 P4545,44.90000916,45.90000916,47.30000305,9.672649384,495
4550,SPX 9/15/23 C4550,19.30000305,19.80000305,19.72000122,9.414328575,1550,4550,SPX 9/15/23 P4550,47.8999939,48.90000916,49,9.632228851,685
4555,SPX 9/15/23 C4555,17.3999939,17.8999939,18.52000427,9.357167244,51,4555,SPX 9/15/23 P4555,51,52,51.05999756,9.583868027,8
4560,SPX 9/15/23 C4560,15.60000038,16.19999695,16.19999695,9.311423302,62,4560,SPX 9/15/23 P4560,54.19999695,55.19999695,60.1000061,9.532178879,1
4565,SPX 9/15/23 C4565,14,14.5,14.19999981,9.257746696,10,4565,SPX 9/15/23 P4565,57.5,58.6000061,62.5,9.489601135,1
15-Sep-23 (14d); CSize 100,15-Sep-23 (14d); CSize 100,,,,,,,,,,,,
4470,SPXW 9/15/23 C4470,66.6000061,69.90000916,69.47000122,10.84744167,43,4470,SPXW 9/15/23 P4470,17.1000061,17.3999939,17.41000366,11.11774158,692
4475,SPXW 9/15/23 C4475,64.30000305,64.6000061,64.69999695,10.74487114,147,4475,SPXW 9/15/23 P4475,18.30000305,18.6000061,18.6000061,11.01174927,701
4480,SPXW 9/15/23 C4480,60.6000061,60.90000916,61.1000061,10.64869022,266,4480,SPXW 9/15/23 P4480,19.6000061,19.80000305,19.6000061,10.89628315,346
4485,SPXW 9/15/23 C4485,57,57.30000305,58.24000549,10.55692196,64,4485,SPXW 9/15/23 P4485,20.8999939,21.19999695,21.27000427,10.78563404,157
4490,SPXW 9/15/23 C4490,53.40000916,53.80000305,53.74000549,10.45333767,118,4490,SPXW 9/15/23 P4490,22.3999939,22.69999695,23.61000061,10.69742966,591
4495,SPXW 9/15/23 C4495,50,50.40000916,50.40000916,10.36723709,142,4495,SPXW 9/15/23 P4495,24,24.30000305,25.3999939,10.61037159,365
4500,SPXW 9/15/23 C4500,46.80000305,47.1000061,47,10.29681396,418,4500,SPXW 9/15/23 P4500,25.69999695,26,25.94999695,10.52438164,512
4505,SPXW 9/15/23 C4505,43.6000061,43.90000916,41.99000549,10.21029472,201,4505,SPXW 9/15/23 P4505,27.5,27.80000305,28.5,10.43831539,202
4510,SPXW 9/15/23 C4510,40.5,40.80000305,41,10.12416077,189,4510,SPXW 9/15/23 P4510,29.3999939,29.69999695,29.6499939,10.35303688,628
4515,SPXW 9/15/23 C4515,37.5,37.90000916,38.15000916,10.04473495,136,4515,SPXW 9/15/23 P4515,31.3999939,31.80000305,31.6000061,10.27547169,230
4520,SPXW 9/15/23 C4520,34.69999695,35,35,9.965561867,177,4520,SPXW 9/15/23 P4520,33.6000061,33.90000916,33.30000305,10.19880867,322
4525,SPXW 9/15/23 C4525,32,32.30000305,33.5,9.895359039,1112,4525,SPXW 9/15/23 P4525,35.90000916,36.19999695,36.02000427,10.13179398,949
4530,SPXW 9/15/23 C4530,29.3999939,29.80000305,29.8999939,9.833563805,305,4530,SPXW 9/15/23 P4530,38.30000305,38.6000061,38.5,10.05919361,393
4535,SPXW 9/15/23 C4535,27,27.30000305,27.63000488,9.770339012,440,4535,SPXW 9/15/23 P4535,40.80000305,41.19999695,40.90000916,10.00064278,142
4540,SPXW 9/15/23 C4540,24.69999695,25,26,9.710647583,233,4540,SPXW 9/15/23 P4540,43.5,43.80000305,42.88000488,9.931757927,155
4545,SPXW 9/15/23 C4545,22.5,22.79998779,23.11000061,9.646089554,144,4545,SPXW 9/15/23 P4545,46.30000305,46.69999695,46.30000305,9.889190674,92
4550,SPXW 9/15/23 C4550,20.5,20.80000305,20.6499939,9.605923653,362,4550,SPXW 9/15/23 P4550,49.30000305,49.6000061,51.30000305,9.841384888,181
4555,SPXW 9/15/23 C4555,18.5,18.80000305,18.75,9.530565262,131,4555,SPXW 9/15/23 P4555,52.30000305,52.69999695,51.65000916,9.789930344,37
4560,SPXW 9/15/23 C4560,16.80000305,17,16.80999756,9.490726471,235,4560,SPXW 9/15/23 P4560,54,57.3999939,61,9.744608879,13
4565,SPXW 9/15/23 C4565,15.10000038,15.39999962,15.22000027,9.450018883,179,4565,SPXW 9/15/23 P4565,57.29998779,60.79998779,58,9.715837479,14
